Group,Zip Code,Delivery Time,Package,Price
Pennsylvania Western,15825,ground,26x3x3 1lb packages poster,11.16
Pennsylvania Western,15825,3day,26x3x3 1lb packages poster,13.03
Pennsylvania Western,15825,2nd,26x3x3 1lb packages poster,13.71
Pennsylvania Western,15825,nextday,26x3x3 1lb packages poster,24.56
Pennsylvania Western,15825,ground,36x3x3 3lb packages poster,11.16
Pennsylvania Western,15825,3day,36x3x3 3lb packages poster,13.03
Pennsylvania Western,15825,2nd,36x3x3 3lb packages poster,13.71
Pennsylvania Western,15825,nextday,36x3x3 3lb packages poster,27.01
Pennsylvania Western,15825,ground,26x27x1 5lb packages small MOUNTED,11.16
Pennsylvania Western,15825,3day,26x27x1 5lb packages small MOUNTED,13.03
Pennsylvania Western,15825,2nd,26x27x1 5lb packages small MOUNTED,13.71
Pennsylvania Western,15825,nextday,26x27x1 5lb packages small MOUNTED,30.61
Pennsylvania Western,15825,ground,50x38x1 7lb packages huge MOUNTED,23.26
Pennsylvania Western,15825,3day,50x38x1 7lb packages huge MOUNTED,26.58
Pennsylvania Western,15825,2nd,50x38x1 7lb packages huge MOUNTED,28.81
Pennsylvania Western,15825,nextday,50x38x1 7lb packages huge MOUNTED,59.57
Pennsylvania Eastern,17815,ground,26x3x3 1lb packages poster,9.48
Pennsylvania Eastern,17815,3day,26x3x3 1lb packages poster,11.29
Pennsylvania Eastern,17815,2nd,26x3x3 1lb packages poster,11.96
Pennsylvania Eastern,17815,nextday,26x3x3 1lb packages poster,22.82
Pennsylvania Eastern,17815,ground,36x3x3 3lb packages poster,9.49
Pennsylvania Eastern,17815,3day,36x3x3 3lb packages poster,11.29
Pennsylvania Eastern,17815,2nd,36x3x3 3lb packages poster,11.96
Pennsylvania Eastern,17815,nextday,36x3x3 3lb packages poster,25.27
Pennsylvania Eastern,17815,ground,26x27x1 5lb packages small MOUNTED,9.48
Pennsylvania Eastern,17815,3day,26x27x1 5lb packages small MOUNTED,11.29
Pennsylvania Eastern,17815,2nd,26x27x1 5lb packages small MOUNTED,11.97
Pennsylvania Eastern,17815,nextday,26x27x1 5lb packages small MOUNTED,28.87
Pennsylvania Eastern,17815,ground,50x38x1 7lb packages huge MOUNTED,21.62
Pennsylvania Eastern,17815,3day,50x38x1 7lb packages huge MOUNTED,24.82
Pennsylvania Eastern,17815,2nd,50x38x1 7lb packages huge MOUNTED,27.05
Pennsylvania Eastern,17815,nextday,50x38x1 7lb packages huge MOUNTED,57.82
Pennsylvania Area,16801,ground,26x3x3 1lb packages poster,9.48
Pennsylvania Area,16801,3day,26x3x3 1lb packages poster,11.29
Pennsylvania Area,16801,2nd,26x3x3 1lb packages poster,11.96
Pennsylvania Area,16801,nextday,26x3x3 1lb packages poster,22.82
Pennsylvania Area,16801,ground,36x3x3 3lb packages poster,9.49
Pennsylvania Area,16801,3day,36x3x3 3lb packages poster,11.29
Pennsylvania Area,16801,2nd,36x3x3 3lb packages poster,11.96
Pennsylvania Area,16801,nextday,36x3x3 3lb packages poster,25.27
Pennsylvania Area,16801,ground,26x27x1 5lb packages small MOUNTED,9.48
Pennsylvania Area,16801,3day,26x27x1 5lb packages small MOUNTED,11.29
Pennsylvania Area,16801,2nd,26x27x1 5lb packages small MOUNTED,11.97
Pennsylvania Area,16801,nextday,26x27x1 5lb packages small MOUNTED,28.87
Pennsylvania Area,16801,ground,50x38x1 7lb packages huge MOUNTED,21.62
Pennsylvania Area,16801,3day,50x38x1 7lb packages huge MOUNTED,24.82
Pennsylvania Area,16801,2nd,50x38x1 7lb packages huge MOUNTED,27.05
Pennsylvania Area,16801,nextday,50x38x1 7lb packages huge MOUNTED,57.82
Oklahoma,73170,ground,26x3x3 1lb packages poster,9.49
Oklahoma,73170,3day,26x3x3 1lb packages poster,11.29
Oklahoma,73170,2nd,26x3x3 1lb packages poster,11.96
Oklahoma,73170,nextday,26x3x3 1lb packages poster,25.14
Oklahoma,73170,ground,36x3x3 3lb packages poster,9.49
Oklahoma,73170,3day,36x3x3 3lb packages poster,11.29
Oklahoma,73170,2nd,36x3x3 3lb packages poster,11.97
Oklahoma,73170,nextday,36x3x3 3lb packages poster,28.74
Oklahoma,73170,ground,26x27x1 5lb packages small MOUNTED,9.48
Oklahoma,73170,3day,26x27x1 5lb packages small MOUNTED,11.29
Oklahoma,73170,2nd,26x27x1 5lb packages small MOUNTED,13.01
Oklahoma,73170,nextday,26x27x1 5lb packages small MOUNTED,31.74
Oklahoma,73170,ground,50x38x1 7lb packages huge MOUNTED,22.67
Oklahoma,73170,3day,50x38x1 7lb packages huge MOUNTED,29.90
Oklahoma,73170,2nd,50x38x1 7lb packages huge MOUNTED,34.61
Oklahoma,73170,nextday,50x38x1 7lb packages huge MOUNTED,67.10
Alabama Northern,35653,ground,26x3x3 1lb packages poster,11.16
Alabama Northern,35653,3day,26x3x3 1lb packages poster,13.03
Alabama Northern,35653,2nd,26x3x3 1lb packages poster,13.71
Alabama Northern,35653,nextday,26x3x3 1lb packages poster,24.56
Alabama Northern,35653,ground,36x3x3 3lb packages poster,11.16
Alabama Northern,35653,3day,36x3x3 3lb packages poster,13.03
Alabama Northern,35653,2nd,36x3x3 3lb packages poster,13.71
Alabama Northern,35653,nextday,36x3x3 3lb packages poster,27.01
Alabama Northern,35653,ground,26x27x1 5lb packages small MOUNTED,11.16
Alabama Northern,35653,3day,26x27x1 5lb packages small MOUNTED,13.03
Alabama Northern,35653,2nd,26x27x1 5lb packages small MOUNTED,13.71
Alabama Northern,35653,nextday,26x27x1 5lb packages small MOUNTED,30.61
Alabama Northern,35653,ground,50x38x1 7lb packages huge MOUNTED,23.26
Alabama Northern,35653,3day,50x38x1 7lb packages huge MOUNTED,26.58
Alabama Northern,35653,2nd,50x38x1 7lb packages huge MOUNTED,28.81
Alabama Northern,35653,nextday,50x38x1 7lb packages huge MOUNTED,59.57
Alabama Southern,36401,ground,26x3x3 1lb packages poster,11.48
Alabama Southern,36401,3day,26x3x3 1lb packages poster,13.35
Alabama Southern,36401,2nd,26x3x3 1lb packages poster,14.03
Alabama Southern,36401,nextday,26x3x3 1lb packages poster,27.21
Alabama Southern,36401,ground,36x3x3 3lb packages poster,11.48
Alabama Southern,36401,3day,36x3x3 3lb packages poster,13.35
Alabama Southern,36401,2nd,36x3x3 3lb packages poster,14.03
Alabama Southern,36401,nextday,36x3x3 3lb packages poster,30.80
Alabama Southern,36401,ground,26x27x1 5lb packages small MOUNTED,11.49
Alabama Southern,36401,3day,26x27x1 5lb packages small MOUNTED,13..35
Alabama Southern,36401,2nd,26x27x1 5lb packages small MOUNTED,15.07
Alabama Southern,36401,nextday,26x27x1 5lb packages small MOUNTED,33.81
Alabama Southern,36401,ground,50x38x1 7lb packages huge MOUNTED,24.64
Alabama Southern,36401,3day,50x38x1 7lb packages huge MOUNTED,31.98
Alabama Southern,36401,2nd,50x38x1 7lb packages huge MOUNTED,36.69
Alabama Southern,36401,nextday,50x38x1 7lb packages huge MOUNTED,69.17
Arkansas Eastern,72335,ground,26x3x3 1lb packages poster,11.16
Arkansas Eastern,72335,3day,26x3x3 1lb packages poster,13.03
Arkansas Eastern,72335,2nd,26x3x3 1lb packages poster,13.71
Arkansas Eastern,72335,nextday,26x3x3 1lb packages poster,24.56
Arkansas Eastern,72335,ground,36x3x3 3lb packages poster,11.16
Arkansas Eastern,72335,3day,36x3x3 3lb packages poster,13.03
Arkansas Eastern,72335,2nd,36x3x3 3lb packages poster,13.71
Arkansas Eastern,72335,nextday,36x3x3 3lb packages poster,27.01
Arkansas Eastern,72335,ground,26x27x1 5lb packages small MOUNTED,11.16
Arkansas Eastern,72335,3day,26x27x1 5lb packages small MOUNTED,13.03
Arkansas Eastern,72335,2nd,26x27x1 5lb packages small MOUNTED,13.71
Arkansas Eastern,72335,nextday,26x27x1 5lb packages small MOUNTED,30.61
Arkansas Eastern,72335,ground,50x38x1 7lb packages huge MOUNTED,23.26
Arkansas Eastern,72335,3day,50x38x1 7lb packages huge MOUNTED,26.58
Arkansas Eastern,72335,2nd,50x38x1 7lb packages huge MOUNTED,28.81
Arkansas Eastern,72335,nextday,50x38x1 7lb packages huge MOUNTED,59.57
Arkansas Western,71913,ground,26x3x3 1lb packages poster,9.48
Arkansas Western,71913,3day,26x3x3 1lb packages poster,11.29
Arkansas Western,71913,2nd,26x3x3 1lb packages poster,11.96
Arkansas Western,71913,nextday,26x3x3 1lb packages poster,22.82
Arkansas Western,71913,ground,36x3x3 3lb packages poster,9.49
Arkansas Western,71913,3day,36x3x3 3lb packages poster,11.29
Arkansas Western,71913,2nd,36x3x3 3lb packages poster,11.96
Arkansas Western,71913,nextday,36x3x3 3lb packages poster,25.27
Arkansas Western,71913,ground,26x27x1 5lb packages small MOUNTED,9.48
Arkansas Western,71913,3day,26x27x1 5lb packages small MOUNTED,11.29
Arkansas Western,71913,2nd,26x27x1 5lb packages small MOUNTED,11.97
Arkansas Western,71913,nextday,26x27x1 5lb packages small MOUNTED,28.87
Arkansas Western,71913,ground,50x38x1 7lb packages huge MOUNTED,21.62
Arkansas Western,71913,3day,50x38x1 7lb packages huge MOUNTED,24.82
Arkansas Western,71913,2nd,50x38x1 7lb packages huge MOUNTED,27.05
Arkansas Western,71913,nextday,50x38x1 7lb packages huge MOUNTED,57.82
Connecticut,6260,ground,26x3x3 1lb packages poster,9.49
Connecticut,6260,3day,26x3x3 1lb packages poster,11.29
Connecticut,6260,2nd,26x3x3 1lb packages poster,11.96
Connecticut,6260,nextday,26x3x3 1lb packages poster,25.14
Connecticut,6260,ground,36x3x3 3lb packages poster,9.49
Connecticut,6260,3day,36x3x3 3lb packages poster,11.29
Connecticut,6260,2nd,36x3x3 3lb packages poster,11.97
Connecticut,6260,nextday,36x3x3 3lb packages poster,28.74
Connecticut,6260,ground,26x27x1 5lb packages small MOUNTED,9.48
Connecticut,6260,3day,26x27x1 5lb packages small MOUNTED,11.29
Connecticut,6260,2nd,26x27x1 5lb packages small MOUNTED,13.01
Connecticut,6260,nextday,26x27x1 5lb packages small MOUNTED,31.74
Connecticut,6260,ground,50x38x1 7lb packages huge MOUNTED,22.67
Connecticut,6260,3day,50x38x1 7lb packages huge MOUNTED,29.90
Connecticut,6260,2nd,50x38x1 7lb packages huge MOUNTED,34.61
Connecticut,6260,nextday,50x38x1 7lb packages huge MOUNTED,67.10
Delaware,19971,ground,26x3x3 1lb packages poster,9.49
Delaware,19971,3day,26x3x3 1lb packages poster,11.29
Delaware,19971,2nd,26x3x3 1lb packages poster,11.96
Delaware,19971,nextday,26x3x3 1lb packages poster,25.14
Delaware,19971,ground,36x3x3 3lb packages poster,9.49
Delaware,19971,3day,36x3x3 3lb packages poster,11.29
Delaware,19971,2nd,36x3x3 3lb packages poster,11.97
Delaware,19971,nextday,36x3x3 3lb packages poster,28.74
Delaware,19971,ground,26x27x1 5lb packages small MOUNTED,9.48
Delaware,19971,3day,26x27x1 5lb packages small MOUNTED,11.29
Delaware,19971,2nd,26x27x1 5lb packages small MOUNTED,13.01
Delaware,19971,nextday,26x27x1 5lb packages small MOUNTED,31.74
Delaware,19971,ground,50x38x1 7lb packages huge MOUNTED,22.67
Delaware,19971,3day,50x38x1 7lb packages huge MOUNTED,29.90
Delaware,19971,2nd,50x38x1 7lb packages huge MOUNTED,34.61
Delaware,19971,nextday,50x38x1 7lb packages huge MOUNTED,67.10
Vermont,5829,ground,26x3x3 1lb packages poster,11.16
Vermont,5829,3day,26x3x3 1lb packages poster,13.03
Vermont,5829,2nd,26x3x3 1lb packages poster,13.71
Vermont,5829,nextday,26x3x3 1lb packages poster,26.89
Vermont,5829,ground,36x3x3 3lb packages poster,11.16
Vermont,5829,3day,36x3x3 3lb packages poster,13.03
Vermont,5829,2nd,36x3x3 3lb packages poster,13.71
Vermont,5829,nextday,36x3x3 3lb packages poster,30.48
Vermont,5829,ground,26x27x1 5lb packages small MOUNTED,11.16
Vermont,5829,3day,26x27x1 5lb packages small MOUNTED,13.03
Vermont,5829,2nd,26x27x1 5lb packages small MOUNTED,14.75
Vermont,5829,nextday,26x27x1 5lb packages small MOUNTED,33.49
Vermont,5829,ground,50x38x1 7lb packages huge MOUNTED,24.32
Vermont,5829,3day,50x38x1 7lb packages huge MOUNTED,31.66
Vermont,5829,2nd,50x38x1 7lb packages huge MOUNTED,36.36
Vermont,5829,nextday,50x38x1 7lb packages huge MOUNTED,68.84
Georgia Northern,30513,ground,26x3x3 1lb packages poster,11.16
Georgia Northern,30513,3day,26x3x3 1lb packages poster,13.03
Georgia Northern,30513,2nd,26x3x3 1lb packages poster,13.71
Georgia Northern,30513,nextday,26x3x3 1lb packages poster,24.56
Georgia Northern,30513,ground,36x3x3 3lb packages poster,11.16
Georgia Northern,30513,3day,36x3x3 3lb packages poster,13.03
Georgia Northern,30513,2nd,36x3x3 3lb packages poster,13.71
Georgia Northern,30513,nextday,36x3x3 3lb packages poster,27.01
Georgia Northern,30513,ground,26x27x1 5lb packages small MOUNTED,11.16
Georgia Northern,30513,3day,26x27x1 5lb packages small MOUNTED,13.03
Georgia Northern,30513,2nd,26x27x1 5lb packages small MOUNTED,13.71
Georgia Northern,30513,nextday,26x27x1 5lb packages small MOUNTED,30.61
Georgia Northern,30513,ground,50x38x1 7lb packages huge MOUNTED,23.26
Georgia Northern,30513,3day,50x38x1 7lb packages huge MOUNTED,26.58
Georgia Northern,30513,2nd,50x38x1 7lb packages huge MOUNTED,28.81
Georgia Northern,30513,nextday,50x38x1 7lb packages huge MOUNTED,59.57
Georgia Southern,31601,ground,26x3x3 1lb packages poster,9.49
Georgia Southern,31601,3day,26x3x3 1lb packages poster,11.29
Georgia Southern,31601,2nd,26x3x3 1lb packages poster,11.96
Georgia Southern,31601,nextday,26x3x3 1lb packages poster,25.14
Georgia Southern,31601,ground,36x3x3 3lb packages poster,9.49
Georgia Southern,31601,3day,36x3x3 3lb packages poster,11.29
Georgia Southern,31601,2nd,36x3x3 3lb packages poster,11.97
Georgia Southern,31601,nextday,36x3x3 3lb packages poster,2.74
Georgia Southern,31601,ground,26x27x1 5lb packages small MOUNTED,9.48
Georgia Southern,31601,3day,26x27x1 5lb packages small MOUNTED,11.29
Georgia Southern,31601,2nd,26x27x1 5lb packages small MOUNTED,13.01
Georgia Southern,31601,nextday,26x27x1 5lb packages small MOUNTED,31.74
Georgia Southern,31601,ground,50x38x1 7lb packages huge MOUNTED,22.67
Georgia Southern,31601,3day,50x38x1 7lb packages huge MOUNTED,29.90
Georgia Southern,31601,2nd,50x38x1 7lb packages huge MOUNTED,34.61
Georgia Southern,31601,nextday,50x38x1 7lb packages huge MOUNTED,67.10
Texas Western,79907,ground,26x3x3 1lb packages poster,9.49
Texas Western,79907,3day,26x3x3 1lb packages poster,11.29
Texas Western,79907,2nd,26x3x3 1lb packages poster,11.96
Texas Western,79907,nextday,26x3x3 1lb packages poster,25.89
Texas Western,79907,ground,36x3x3 3lb packages poster,9.48
Texas Western,79907,3day,36x3x3 3lb packages poster,11.65
Texas Western,79907,2nd,36x3x3 3lb packages poster,13.34
Texas Western,79907,nextday,36x3x3 3lb packages poster,30.89
Texas Western,79907,ground,26x27x1 5lb packages small MOUNTED,9.48
Texas Western,79907,3day,26x27x1 5lb packages small MOUNTED,13.75
Texas Western,79907,2nd,26x27x1 5lb packages small MOUNTED,17.18
Texas Western,79907,nextday,26x27x1 5lb packages small MOUNTED,32.91
Texas Western,79907,ground,50x38x1 7lb packages huge MOUNTED,23.05
Texas Western,79907,3day,50x38x1 7lb packages huge MOUNTED,36.23
Texas Western,79907,2nd,50x38x1 7lb packages huge MOUNTED,44.64
Texas Western,79907,nextday,50x38x1 7lb packages huge MOUNTED,69.81
Texas Eastern,77705,ground,26x3x3 1lb packages poster,9.49
Texas Eastern,77705,3day,26x3x3 1lb packages poster,11.29
Texas Eastern,77705,2nd,26x3x3 1lb packages poster,11.96
Texas Eastern,77705,nextday,26x3x3 1lb packages poster,25.14
Texas Eastern,77705,ground,36x3x3 3lb packages poster,9.49
Texas Eastern,77705,3day,36x3x3 3lb packages poster,11.29
Texas Eastern,77705,2nd,36x3x3 3lb packages poster,11.97
Texas Eastern,77705,nextday,36x3x3 3lb packages poster,28.74
Texas Eastern,77705,ground,26x27x1 5lb packages small MOUNTED,9.48
Texas Eastern,77705,3day,26x27x1 5lb packages small MOUNTED,11.29
Texas Eastern,77705,2nd,26x27x1 5lb packages small MOUNTED,13.01
Texas Eastern,77705,nextday,26x27x1 5lb packages small MOUNTED,31.74
Texas Eastern,77705,ground,50x38x1 7lb packages huge MOUNTED,22.67
Texas Eastern,77705,3day,50x38x1 7lb packages huge MOUNTED,29.90
Texas Eastern,77705,2nd,50x38x1 7lb packages huge MOUNTED,34.61
Texas Eastern,77705,nextday,50x38x1 7lb packages huge MOUNTED,67.10
Texas Southern,78521,ground,26x3x3 1lb packages poster,9.49
Texas Southern,78521,3day,26x3x3 1lb packages poster,11.29
Texas Southern,78521,2nd,26x3x3 1lb packages poster,11.96
Texas Southern,78521,nextday,26x3x3 1lb packages poster,25.89
Texas Southern,78521,ground,36x3x3 3lb packages poster,9.48
Texas Southern,78521,3day,36x3x3 3lb packages poster,11.65
Texas Southern,78521,2nd,36x3x3 3lb packages poster,13.34
Texas Southern,78521,nextday,36x3x3 3lb packages poster,30.89
Texas Southern,78521,ground,26x27x1 5lb packages small MOUNTED,9.48
Texas Southern,78521,3day,26x27x1 5lb packages small MOUNTED,13.75
Texas Southern,78521,2nd,26x27x1 5lb packages small MOUNTED,17.18
Texas Southern,78521,nextday,26x27x1 5lb packages small MOUNTED,32.91
Texas Southern,78521,ground,50x38x1 7lb packages huge MOUNTED,23.05
Texas Southern,78521,3day,50x38x1 7lb packages huge MOUNTED,36.26
Texas Southern,78521,2nd,50x38x1 7lb packages huge MOUNTED,44.64
Texas Southern,78521,nextday,50x38x1 7lb packages huge MOUNTED,69.81
South Carolina Western,29824,ground,26x3x3 1lb packages poster,11.48
South Carolina Western,29824,3day,26x3x3 1lb packages poster,13.35
South Carolina Western,29824,2nd,26x3x3 1lb packages poster,14.03
South Carolina Western,29824,nextday,26x3x3 1lb packages poster,27.21
South Carolina Western,29824,ground,36x3x3 3lb packages poster,11.48
South Carolina Western,29824,3day,36x3x3 3lb packages poster,13.35
South Carolina Western,29824,2nd,36x3x3 3lb packages poster,14.03
South Carolina Western,29824,nextday,36x3x3 3lb packages poster,30.80
South Carolina Western,29824,ground,26x27x1 5lb packages small MOUNTED,11.49
South Carolina Western,29824,3day,26x27x1 5lb packages small MOUNTED,13.35
South Carolina Western,29824,2nd,26x27x1 5lb packages small MOUNTED,15.07
South Carolina Western,29824,nextday,26x27x1 5lb packages small MOUNTED,33.81
South Carolina Western,29824,ground,50x38x1 7lb packages huge MOUNTED,24.64
South Carolina Western,29824,3day,50x38x1 7lb packages huge MOUNTED,31.98
South Carolina Western,29824,2nd,50x38x1 7lb packages huge MOUNTED,36.69
South Carolina Western,29824,nextday,50x38x1 7lb packages huge MOUNTED,69.17
South Carolina Eastern,29154,ground,26x3x3 1lb packages poster,11.16
South Carolina Eastern,29154,3day,26x3x3 1lb packages poster,13.03
South Carolina Eastern,29154,2nd,26x3x3 1lb packages poster,13.71
South Carolina Eastern,29154,nextday,26x3x3 1lb packages poster,26.89
South Carolina Eastern,29154,ground,36x3x3 3lb packages poster,11.16
South Carolina Eastern,29154,3day,36x3x3 3lb packages poster,13.03
South Carolina Eastern,29154,2nd,36x3x3 3lb packages poster,13.71
South Carolina Eastern,29154,nextday,36x3x3 3lb packages poster,30.48
South Carolina Eastern,29154,ground,26x27x1 5lb packages small MOUNTED,11.16
South Carolina Eastern,29154,3day,26x27x1 5lb packages small MOUNTED,13.03
South Carolina Eastern,29154,2nd,26x27x1 5lb packages small MOUNTED,14.75
South Carolina Eastern,29154,nextday,26x27x1 5lb packages small MOUNTED,33.49
South Carolina Eastern,29154,ground,50x38x1 7lb packages huge MOUNTED,24.32
South Carolina Eastern,29154,3day,50x38x1 7lb packages huge MOUNTED,31.66
South Carolina Eastern,29154,2nd,50x38x1 7lb packages huge MOUNTED,36.36
South Carolina Eastern,29154,nextday,50x38x1 7lb packages huge MOUNTED,68.84
Rhode Island,2885,ground,26x3x3 1lb packages poster,9.49
Rhode Island,2885,3day,26x3x3 1lb packages poster,11.29
Rhode Island,2885,2nd,26x3x3 1lb packages poster,11.96
Rhode Island,2885,nextday,26x3x3 1lb packages poster,25.14
Rhode Island,2885,ground,36x3x3 3lb packages poster,9.49
Rhode Island,2885,3day,36x3x3 3lb packages poster,11.29
Rhode Island,2885,2nd,36x3x3 3lb packages poster,11.97
Rhode Island,2885,nextday,36x3x3 3lb packages poster,28.74
Rhode Island,2885,ground,26x27x1 5lb packages small MOUNTED,9.48
Rhode Island,2885,3day,26x27x1 5lb packages small MOUNTED,11.29
Rhode Island,2885,2nd,26x27x1 5lb packages small MOUNTED,13.01
Rhode Island,2885,nextday,26x27x1 5lb packages small MOUNTED,31.74
Rhode Island,2885,ground,50x38x1 7lb packages huge MOUNTED,22.67
Rhode Island,2885,3day,50x38x1 7lb packages huge MOUNTED,29.90
Rhode Island,2885,2nd,50x38x1 7lb packages huge MOUNTED,34.61
Rhode Island,2885,nextday,50x38x1 7lb packages huge MOUNTED,67.10
Virginia Northern,22801,ground,26x3x3 1lb packages poster,9.48
Virginia Northern,22801,3day,26x3x3 1lb packages poster,11.29
Virginia Northern,22801,2nd,26x3x3 1lb packages poster,11.96
Virginia Northern,22801,nextday,26x3x3 1lb packages poster,22.82
Virginia Northern,22801,ground,36x3x3 3lb packages poster,9.49
Virginia Northern,22801,3day,36x3x3 3lb packages poster,11.29
Virginia Northern,22801,2nd,36x3x3 3lb packages poster,11.96
Virginia Northern,22801,nextday,36x3x3 3lb packages poster,25.27
Virginia Northern,22801,ground,26x27x1 5lb packages small MOUNTED,9.48
Virginia Northern,22801,3day,26x27x1 5lb packages small MOUNTED,11.29
Virginia Northern,22801,2nd,26x27x1 5lb packages small MOUNTED,11.97
Virginia Northern,22801,nextday,26x27x1 5lb packages small MOUNTED,28.87
Virginia Northern,22801,ground,50x38x1 7lb packages huge MOUNTED,21.62
Virginia Northern,22801,3day,50x38x1 7lb packages huge MOUNTED,24.82
Virginia Northern,22801,2nd,50x38x1 7lb packages huge MOUNTED,27.05
Virginia Northern,22801,nextday,50x38x1 7lb packages huge MOUNTED,57.82
Virginia Western,24060,ground,26x3x3 1lb packages poster,9.48
Virginia Western,24060,3day,26x3x3 1lb packages poster,11.29
Virginia Western,24060,2nd,26x3x3 1lb packages poster,11.96
Virginia Western,24060,nextday,26x3x3 1lb packages poster,22.82
Virginia Western,24060,ground,36x3x3 3lb packages poster,9.49
Virginia Western,24060,3day,36x3x3 3lb packages poster,11.29
Virginia Western,24060,2nd,36x3x3 3lb packages poster,11.96
Virginia Western,24060,nextday,36x3x3 3lb packages poster,25.27
Virginia Western,24060,ground,26x27x1 5lb packages small MOUNTED,9.48
Virginia Western,24060,3day,26x27x1 5lb packages small MOUNTED,11.29
Virginia Western,24060,2nd,26x27x1 5lb packages small MOUNTED,11.97
Virginia Western,24060,nextday,26x27x1 5lb packages small MOUNTED,28.87
Virginia Western,24060,ground,50x38x1 7lb packages huge MOUNTED,21.62
Virginia Western,24060,3day,50x38x1 7lb packages huge MOUNTED,24.82
Virginia Western,24060,2nd,50x38x1 7lb packages huge MOUNTED,27.05
Virginia Western,24060,nextday,50x38x1 7lb packages huge MOUNTED,57.82
Virginia Southern,24592,ground,26x3x3 1lb packages poster,9.48
Virginia Southern,24592,3day,26x3x3 1lb packages poster,11.29
Virginia Southern,24592,2nd,26x3x3 1lb packages poster,11.96
Virginia Southern,24592,nextday,26x3x3 1lb packages poster,22.82
Virginia Southern,24592,ground,36x3x3 3lb packages poster,9.49
Virginia Southern,24592,3day,36x3x3 3lb packages poster,11.29
Virginia Southern,24592,2nd,36x3x3 3lb packages poster,11.96
Virginia Southern,24592,nextday,36x3x3 3lb packages poster,25.27
Virginia Southern,24592,ground,26x27x1 5lb packages small MOUNTED,9.48
Virginia Southern,24592,3day,26x27x1 5lb packages small MOUNTED,11.29
Virginia Southern,24592,2nd,26x27x1 5lb packages small MOUNTED,11.97
Virginia Southern,24592,nextday,26x27x1 5lb packages small MOUNTED,28.87
Virginia Southern,24592,ground,50x38x1 7lb packages huge MOUNTED,21.62
Virginia Southern,24592,3day,50x38x1 7lb packages huge MOUNTED,24.82
Virginia Southern,24592,2nd,50x38x1 7lb packages huge MOUNTED,27.05
Virginia Southern,24592,nextday,50x38x1 7lb packages huge MOUNTED,57.82
Louisiana West,71446,ground,26x3x3 1lb packages poster,11.48
Louisiana West,71446,3day,26x3x3 1lb packages poster,13.35
Louisiana West,71446,2nd,26x3x3 1lb packages poster,14.03
Louisiana West,71446,nextday,26x3x3 1lb packages poster,27.21
Louisiana West,71446,ground,36x3x3 3lb packages poster,11.48
Louisiana West,71446,3day,36x3x3 3lb packages poster,13.35
Louisiana West,71446,2nd,36x3x3 3lb packages poster,14.03
Louisiana West,71446,nextday,36x3x3 3lb packages poster,30.80
Louisiana West,71446,ground,26x27x1 5lb packages small MOUNTED,11.49
Louisiana West,71446,3day,26x27x1 5lb packages small MOUNTED,13.35
Louisiana West,71446,2nd,26x27x1 5lb packages small MOUNTED,15.07
Louisiana West,71446,nextday,26x27x1 5lb packages small MOUNTED,33.81
Louisiana West,71446,ground,50x38x1 7lb packages huge MOUNTED,24.64
Louisiana West,71446,3day,50x38x1 7lb packages huge MOUNTED,31.98
Louisiana West,71446,2nd,50x38x1 7lb packages huge MOUNTED,36.69
Louisiana West,71446,nextday,50x38x1 7lb packages huge MOUNTED,69.17
Louisiana South West,70546,ground,26x3x3 1lb packages poster,11.16
Louisiana South West,70546,3day,26x3x3 1lb packages poster,13.03
Louisiana South West,70546,2nd,26x3x3 1lb packages poster,13.71
Louisiana South West,70546,nextday,26x3x3 1lb packages poster,26.89
Louisiana South West,70546,ground,36x3x3 3lb packages poster,11.16
Louisiana South West,70546,3day,36x3x3 3lb packages poster,13.03
Louisiana South West,70546,2nd,36x3x3 3lb packages poster,13.71
Louisiana South West,70546,nextday,36x3x3 3lb packages poster,30.48
Louisiana South West,70546,ground,26x27x1 5lb packages small MOUNTED,11.16
Louisiana South West,70546,3day,26x27x1 5lb packages small MOUNTED,13.03
Louisiana South West,70546,2nd,26x27x1 5lb packages small MOUNTED,14.75
Louisiana South West,70546,nextday,26x27x1 5lb packages small MOUNTED,33.49
Louisiana South West,70546,ground,50x38x1 7lb packages huge MOUNTED,24.32
Louisiana South West,70546,3day,50x38x1 7lb packages huge MOUNTED,31.66
Louisiana South West,70546,2nd,50x38x1 7lb packages huge MOUNTED,36.36
Louisiana South West,70546,nextday,50x38x1 7lb packages huge MOUNTED,68.84
Maryland,21842,ground,26x3x3 1lb packages poster,9.49
Maryland,21842,3day,26x3x3 1lb packages poster,11.29
Maryland,21842,2nd,26x3x3 1lb packages poster,11.96
Maryland,21842,nextday,26x3x3 1lb packages poster,25.15
Maryland,21842,ground,36x3x3 3lb packages poster,9.49
Maryland,21842,3day,36x3x3 3lb packages poster,11.29
Maryland,21842,2nd,36x3x3 3lb packages poster,11.97
Maryland,21842,nextday,36x3x3 3lb packages poster,28.74
Maryland,21842,ground,26x27x1 5lb packages small MOUNTED,9.48
Maryland,21842,3day,26x27x1 5lb packages small MOUNTED,11.29
Maryland,21842,2nd,26x27x1 5lb packages small MOUNTED,13.01
Maryland,21842,nextday,26x27x1 5lb packages small MOUNTED,15.30
Maryland,21842,ground,50x38x1 7lb packages huge MOUNTED,22.67
Maryland,21842,3day,50x38x1 7lb packages huge MOUNTED,29.90
Maryland,21842,2nd,50x38x1 7lb packages huge MOUNTED,34.61
Maryland,21842,nextday,50x38x1 7lb packages huge MOUNTED,67.10
Massachusetts Western,1060,ground,26x3x3 1lb packages poster,9.49
Massachusetts Western,1060,3day,26x3x3 1lb packages poster,11.29
Massachusetts Western,1060,2nd,26x3x3 1lb packages poster,11.96
Massachusetts Western,1060,nextday,26x3x3 1lb packages poster,25.14
Massachusetts Western,1060,ground,36x3x3 3lb packages poster,9.49
Massachusetts Western,1060,3day,36x3x3 3lb packages poster,11.29
Massachusetts Western,1060,2nd,36x3x3 3lb packages poster,11.97
Massachusetts Western,1060,nextday,36x3x3 3lb packages poster,28.74
Massachusetts Western,1060,ground,26x27x1 5lb packages small MOUNTED,9.48
Massachusetts Western,1060,3day,26x27x1 5lb packages small MOUNTED,11.29
Massachusetts Western,1060,2nd,26x27x1 5lb packages small MOUNTED,13.01
Massachusetts Western,1060,nextday,26x27x1 5lb packages small MOUNTED,31.74
Massachusetts Western,1060,ground,50x38x1 7lb packages huge MOUNTED,22.67
Massachusetts Western,1060,3day,50x38x1 7lb packages huge MOUNTED,29.90
Massachusetts Western,1060,2nd,50x38x1 7lb packages huge MOUNTED,34.61
Massachusetts Western,1060,nextday,50x38x1 7lb packages huge MOUNTED,67.10
Massachusetts Eastern,1930,ground,26x3x3 1lb packages poster,11.16
Massachusetts Eastern,1930,3day,26x3x3 1lb packages poster,13.03
Massachusetts Eastern,1930,2nd,26x3x3 1lb packages poster,13.71
Massachusetts Eastern,1930,nextday,26x3x3 1lb packages poster,26.89
Massachusetts Eastern,1930,ground,36x3x3 3lb packages poster,11.16
Massachusetts Eastern,1930,3day,36x3x3 3lb packages poster,13.03
Massachusetts Eastern,1930,2nd,36x3x3 3lb packages poster,13.71
Massachusetts Eastern,1930,nextday,36x3x3 3lb packages poster,30.48
Massachusetts Eastern,1930,ground,26x27x1 5lb packages small MOUNTED,11.16
Massachusetts Eastern,1930,3day,26x27x1 5lb packages small MOUNTED,13.03
Massachusetts Eastern,1930,2nd,26x27x1 5lb packages small MOUNTED,14.75
Massachusetts Eastern,1930,nextday,26x27x1 5lb packages small MOUNTED,33.49
Massachusetts Eastern,1930,ground,50x38x1 7lb packages huge MOUNTED,24.32
Massachusetts Eastern,1930,3day,50x38x1 7lb packages huge MOUNTED,31.66
Massachusetts Eastern,1930,2nd,50x38x1 7lb packages huge MOUNTED,36.36
Massachusetts Eastern,1930,nextday,50x38x1 7lb packages huge MOUNTED,68.84
Massachusetts Boston Area,2171,ground,26x3x3 1lb packages poster,9.49
Massachusetts Boston Area,2171,3day,26x3x3 1lb packages poster,11.29
Massachusetts Boston Area,2171,2nd,26x3x3 1lb packages poster,11.96
Massachusetts Boston Area,2171,nextday,26x3x3 1lb packages poster,25.14
Massachusetts Boston Area,2171,ground,36x3x3 3lb packages poster,9.49
Massachusetts Boston Area,2171,3day,36x3x3 3lb packages poster,11.29
Massachusetts Boston Area,2171,2nd,36x3x3 3lb packages poster,11.97
Massachusetts Boston Area,2171,nextday,36x3x3 3lb packages poster,28.74
Massachusetts Boston Area,2171,ground,26x27x1 5lb packages small MOUNTED,9.48
Massachusetts Boston Area,2171,3day,26x27x1 5lb packages small MOUNTED,11.29
Massachusetts Boston Area,2171,2nd,26x27x1 5lb packages small MOUNTED,13.01
Massachusetts Boston Area,2171,nextday,26x27x1 5lb packages small MOUNTED,31.74
Massachusetts Boston Area,2171,ground,50x38x1 7lb packages huge MOUNTED,22.67
Massachusetts Boston Area,2171,3day,50x38x1 7lb packages huge MOUNTED,29.90
Massachusetts Boston Area,2171,2nd,50x38x1 7lb packages huge MOUNTED,34.61
Massachusetts Boston Area,2171,nextday,50x38x1 7lb packages huge MOUNTED,67.10
District of Columbia DC,20024,ground,26x3x3 1lb packages poster,9.48
District of Columbia DC,20024,3day,26x3x3 1lb packages poster,11.29
District of Columbia DC,20024,2nd,26x3x3 1lb packages poster,11.96
District of Columbia DC,20024,nextday,26x3x3 1lb packages poster,22.82
District of Columbia DC,20024,ground,36x3x3 3lb packages poster,9.49
District of Columbia DC,20024,3day,36x3x3 3lb packages poster,11.29
District of Columbia DC,20024,2nd,36x3x3 3lb packages poster,11.96
District of Columbia DC,20024,nextday,36x3x3 3lb packages poster,25.27
District of Columbia DC,20024,ground,26x27x1 5lb packages small MOUNTED,9.48
District of Columbia DC,20024,3day,26x27x1 5lb packages small MOUNTED,11.29
District of Columbia DC,20024,2nd,26x27x1 5lb packages small MOUNTED,11.97
District of Columbia DC,20024,nextday,26x27x1 5lb packages small MOUNTED,28.87
District of Columbia DC,20024,ground,50x38x1 7lb packages huge MOUNTED,21.62
District of Columbia DC,20024,3day,50x38x1 7lb packages huge MOUNTED,24.82
District of Columbia DC,20024,2nd,50x38x1 7lb packages huge MOUNTED,27.05
District of Columbia DC,20024,nextday,50x38x1 7lb packages huge MOUNTED,57.82
New Jersey,7604,ground,26x3x3 1lb packages poster,9.49
New Jersey,7604,3day,26x3x3 1lb packages poster,11.29
New Jersey,7604,2nd,26x3x3 1lb packages poster,11.96
New Jersey,7604,nextday,26x3x3 1lb packages poster,25.14
New Jersey,7604,ground,36x3x3 3lb packages poster,9.49
New Jersey,7604,3day,36x3x3 3lb packages poster,11.29
New Jersey,7604,2nd,36x3x3 3lb packages poster,11.97
New Jersey,7604,nextday,36x3x3 3lb packages poster,28.74
New Jersey,7604,ground,26x27x1 5lb packages small MOUNTED,9.48
New Jersey,7604,3day,26x27x1 5lb packages small MOUNTED,11.29
New Jersey,7604,2nd,26x27x1 5lb packages small MOUNTED,13.01
New Jersey,7604,nextday,26x27x1 5lb packages small MOUNTED,31.74
New Jersey,7604,ground,50x38x1 7lb packages huge MOUNTED,22.67
New Jersey,7604,3day,50x38x1 7lb packages huge MOUNTED,29.90
New Jersey,7604,2nd,50x38x1 7lb packages huge MOUNTED,34.61
New Jersey,7604,nextday,50x38x1 7lb packages huge MOUNTED,67.10
New York NYC LONG ISLAND,11968,ground,26x3x3 1lb packages poster,11.16
New York NYC LONG ISLAND,11968,3day,26x3x3 1lb packages poster,13.03
New York NYC LONG ISLAND,11968,2nd,26x3x3 1lb packages poster,13.71
New York NYC LONG ISLAND,11968,nextday,26x3x3 1lb packages poster,26.89
New York NYC LONG ISLAND,11968,ground,36x3x3 3lb packages poster,11.16
New York NYC LONG ISLAND,11968,3day,36x3x3 3lb packages poster,13.03
New York NYC LONG ISLAND,11968,2nd,36x3x3 3lb packages poster,13.71
New York NYC LONG ISLAND,11968,nextday,36x3x3 3lb packages poster,30.48
New York NYC LONG ISLAND,11968,ground,26x27x1 5lb packages small MOUNTED,11.16
New York NYC LONG ISLAND,11968,3day,26x27x1 5lb packages small MOUNTED,13.03
New York NYC LONG ISLAND,11968,2nd,26x27x1 5lb packages small MOUNTED,14.75
New York NYC LONG ISLAND,11968,nextday,26x27x1 5lb packages small MOUNTED,33.49
New York NYC LONG ISLAND,11968,ground,50x38x1 7lb packages huge MOUNTED,24.32
New York NYC LONG ISLAND,11968,3day,50x38x1 7lb packages huge MOUNTED,31.66
New York NYC LONG ISLAND,11968,2nd,50x38x1 7lb packages huge MOUNTED,36.36
New York NYC LONG ISLAND,11968,nextday,50x38x1 7lb packages huge MOUNTED,68.84
New York Central,11101,ground,26x3x3 1lb packages poster,9.49
New York Central,11101,3day,26x3x3 1lb packages poster,11.29
New York Central,11101,2nd,26x3x3 1lb packages poster,11.96
New York Central,11101,nextday,26x3x3 1lb packages poster,25.14
New York Central,11101,ground,36x3x3 3lb packages poster,9.49
New York Central,11101,3day,36x3x3 3lb packages poster,11.29
New York Central,11101,2nd,36x3x3 3lb packages poster,11.97
New York Central,11101,nextday,36x3x3 3lb packages poster,28.74
New York Central,11101,ground,26x27x1 5lb packages small MOUNTED,9.48
New York Central,11101,3day,26x27x1 5lb packages small MOUNTED,11.29
New York Central,11101,2nd,26x27x1 5lb packages small MOUNTED,13.01
New York Central,11101,nextday,26x27x1 5lb packages small MOUNTED,31.74
New York Central,11101,ground,50x38x1 7lb packages huge MOUNTED,22.67
New York Central,11101,3day,50x38x1 7lb packages huge MOUNTED,29.90
New York Central,11101,2nd,50x38x1 7lb packages huge MOUNTED,34.61
New York Central,11101,nextday,50x38x1 7lb packages huge MOUNTED,67.10
New York Northern,10977,ground,26x3x3 1lb packages poster,9.49
New York Northern,10977,3day,26x3x3 1lb packages poster,11.29
New York Northern,10977,2nd,26x3x3 1lb packages poster,11.96
New York Northern,10977,nextday,26x3x3 1lb packages poster,25.14
New York Northern,10977,ground,36x3x3 3lb packages poster,9.49
New York Northern,10977,3day,36x3x3 3lb packages poster,11.29
New York Northern,10977,2nd,36x3x3 3lb packages poster,11.97
New York Northern,10977,nextday,36x3x3 3lb packages poster,28.74
New York Northern,10977,ground,26x27x1 5lb packages small MOUNTED,9.48
New York Northern,10977,3day,26x27x1 5lb packages small MOUNTED,11.29
New York Northern,10977,2nd,26x27x1 5lb packages small MOUNTED,13.01
New York Northern,10977,nextday,26x27x1 5lb packages small MOUNTED,31.74
New York Northern,10977,ground,50x38x1 7lb packages huge MOUNTED,22.67
New York Northern,10977,3day,50x38x1 7lb packages huge MOUNTED,29.90
New York Northern,10977,2nd,50x38x1 7lb packages huge MOUNTED,34.61
New York Northern,10977,nextday,50x38x1 7lb packages huge MOUNTED,67.10
New York Western,10025,ground,26x3x3 1lb packages poster,9.49
New York Western,10025,3day,26x3x3 1lb packages poster,11.29
New York Western,10025,2nd,26x3x3 1lb packages poster,11.96
New York Western,10025,nextday,26x3x3 1lb packages poster,25.14
New York Western,10025,ground,36x3x3 3lb packages poster,9.49
New York Western,10025,3day,36x3x3 3lb packages poster,11.29
New York Western,10025,2nd,36x3x3 3lb packages poster,11.97
New York Western,10025,nextday,36x3x3 3lb packages poster,28.74
New York Western,10025,ground,26x27x1 5lb packages small MOUNTED,9.48
New York Western,10025,3day,26x27x1 5lb packages small MOUNTED,11.29
New York Western,10025,2nd,26x27x1 5lb packages small MOUNTED,13.01
New York Western,10025,nextday,26x27x1 5lb packages small MOUNTED,31.74
New York Western,10025,ground,50x38x1 7lb packages huge MOUNTED,22.67
New York Western,10025,3day,50x38x1 7lb packages huge MOUNTED,29.90
New York Western,10025,2nd,50x38x1 7lb packages huge MOUNTED,34.61
New York Western,10025,nextday,50x38x1 7lb packages huge MOUNTED,67.10
North Carolina Central,27312,ground,26x3x3 1lb packages poster,11.16
North Carolina Central,27312,3day,26x3x3 1lb packages poster,13.03
North Carolina Central,27312,2nd,26x3x3 1lb packages poster,13.71
North Carolina Central,27312,nextday,26x3x3 1lb packages poster,24.56
North Carolina Central,27312,ground,36x3x3 3lb packages poster,11.16
North Carolina Central,27312,3day,36x3x3 3lb packages poster,13.03
North Carolina Central,27312,2nd,36x3x3 3lb packages poster,13.71
North Carolina Central,27312,nextday,36x3x3 3lb packages poster,27.01
North Carolina Central,27312,ground,26x27x1 5lb packages small MOUNTED,11.16
North Carolina Central,27312,3day,26x27x1 5lb packages small MOUNTED,13.03
North Carolina Central,27312,2nd,26x27x1 5lb packages small MOUNTED,13.71
North Carolina Central,27312,nextday,26x27x1 5lb packages small MOUNTED,30.61
North Carolina Central,27312,ground,50x38x1 7lb packages huge MOUNTED,23.26
North Carolina Central,27312,3day,50x38x1 7lb packages huge MOUNTED,26.58
North Carolina Central,27312,2nd,50x38x1 7lb packages huge MOUNTED,28.81
North Carolina Central,27312,nextday,50x38x1 7lb packages huge MOUNTED,59.57
North Carolina Eastern,27610,ground,26x3x3 1lb packages poster,9.49
North Carolina Eastern,27610,3day,26x3x3 1lb packages poster,11.29
North Carolina Eastern,27610,2nd,26x3x3 1lb packages poster,11.96
North Carolina Eastern,27610,nextday,26x3x3 1lb packages poster,25.14
North Carolina Eastern,27610,ground,36x3x3 3lb packages poster,9.49
North Carolina Eastern,27610,3day,36x3x3 3lb packages poster,11.29
North Carolina Eastern,27610,2nd,36x3x3 3lb packages poster,11.97
North Carolina Eastern,27610,nextday,36x3x3 3lb packages poster,28.74
North Carolina Eastern,27610,ground,26x27x1 5lb packages small MOUNTED,9.48
North Carolina Eastern,27610,3day,26x27x1 5lb packages small MOUNTED,11.29
North Carolina Eastern,27610,2nd,26x27x1 5lb packages small MOUNTED,13.01
North Carolina Eastern,27610,nextday,26x27x1 5lb packages small MOUNTED,31.74
North Carolina Eastern,27610,ground,50x38x1 7lb packages huge MOUNTED,22.67
North Carolina Eastern,27610,3day,50x38x1 7lb packages huge MOUNTED,29.90
North Carolina Eastern,27610,2nd,50x38x1 7lb packages huge MOUNTED,34.61
North Carolina Eastern,27610,nextday,50x38x1 7lb packages huge MOUNTED,67.10
North Carolina Western,27205,ground,26x3x3 1lb packages poster,11.16
North Carolina Western,27205,3day,26x3x3 1lb packages poster,13.03
North Carolina Western,27205,2nd,26x3x3 1lb packages poster,13.71
North Carolina Western,27205,nextday,26x3x3 1lb packages poster,24.56
North Carolina Western,27205,ground,36x3x3 3lb packages poster,11.16
North Carolina Western,27205,3day,36x3x3 3lb packages poster,13.03
North Carolina Western,27205,2nd,36x3x3 3lb packages poster,13.71
North Carolina Western,27205,nextday,36x3x3 3lb packages poster,27.01
North Carolina Western,27205,ground,26x27x1 5lb packages small MOUNTED,11.16
North Carolina Western,27205,3day,26x27x1 5lb packages small MOUNTED,13.03
North Carolina Western,27205,2nd,26x27x1 5lb packages small MOUNTED,13.71
North Carolina Western,27205,nextday,26x27x1 5lb packages small MOUNTED,30.61
North Carolina Western,27205,ground,50x38x1 7lb packages huge MOUNTED,23.26
North Carolina Western,27205,3day,50x38x1 7lb packages huge MOUNTED,26.58
North Carolina Western,27205,2nd,50x38x1 7lb packages huge MOUNTED,28.81
North Carolina Western,27205,nextday,50x38x1 7lb packages huge MOUNTED,59.57
West Virginia,25428,ground,26x3x3 1lb packages poster,9.48
West Virginia,25428,3day,26x3x3 1lb packages poster,11.29
West Virginia,25428,2nd,26x3x3 1lb packages poster,11.96
West Virginia,25428,nextday,26x3x3 1lb packages poster,22.82
West Virginia,25428,ground,36x3x3 3lb packages poster,9.49
West Virginia,25428,3day,36x3x3 3lb packages poster,11.29
West Virginia,25428,2nd,36x3x3 3lb packages poster,11.96
West Virginia,25428,nextday,36x3x3 3lb packages poster,25.27
West Virginia,25428,ground,26x27x1 5lb packages small MOUNTED,9.48
West Virginia,25428,3day,26x27x1 5lb packages small MOUNTED,11.29
West Virginia,25428,2nd,26x27x1 5lb packages small MOUNTED,11.97
West Virginia,25428,nextday,26x27x1 5lb packages small MOUNTED,28.87
West Virginia,25428,ground,50x38x1 7lb packages huge MOUNTED,21.62
West Virginia,25428,3day,50x38x1 7lb packages huge MOUNTED,24.82
West Virginia,25428,2nd,50x38x1 7lb packages huge MOUNTED,27.05
West Virginia,25428,nextday,50x38x1 7lb packages huge MOUNTED,57.82
Hawaii,96766,ground,26x3x3 1lb packages poster,29.88
Hawaii,96766,3day,26x3x3 1lb packages poster,N/A
Hawaii,96766,2nd,26x3x3 1lb packages poster,36.23
Hawaii,96766,nextday,26x3x3 1lb packages poster,40.02
Hawaii,96766,ground,36x3x3 3lb packages poster,30.96
Hawaii,96766,3day,36x3x3 3lb packages poster,N/A
Hawaii,96766,2nd,36x3x3 3lb packages poster,38.2
Hawaii,96766,nextday,36x3x3 3lb packages poster,48.07
Hawaii,96766,ground,26x27x1 5lb packages small MOUNTED,33.12
Hawaii,96766,3day,26x27x1 5lb packages small MOUNTED,N/A
Hawaii,96766,2nd,26x27x1 5lb packages small MOUNTED,43.2
Hawaii,96766,nextday,26x27x1 5lb packages small MOUNTED,56.7
Hawaii,96766,ground,50x38x1 7lb packages huge MOUNTED,56.19
Hawaii,96766,3day,50x38x1 7lb packages huge MOUNTED,N/A
Hawaii,96766,2nd,50x38x1 7lb packages huge MOUNTED,65.19
Hawaii,96766,nextday,50x38x1 7lb packages huge MOUNTED,93.09
South Dakota Eastern,57325,ground,26x3x3 1lb packages poster,11.49
South Dakota Eastern,57325,3day,26x3x3 1lb packages poster,13.35
South Dakota Eastern,57325,2nd,26x3x3 1lb packages poster,14.03
South Dakota Eastern,57325,nextday,26x3x3 1lb packages poster,24.89
South Dakota Eastern,57325,ground,36x3x3 3lb packages poster,11.49
South Dakota Eastern,57325,3day,36x3x3 3lb packages poster,13.35
South Dakota Eastern,57325,2nd,36x3x3 3lb packages poster,14.03
South Dakota Eastern,57325,nextday,36x3x3 3lb packages poster,27.34
South Dakota Eastern,57325,ground,26x27x1 5lb packages small MOUNTED,11.49
South Dakota Eastern,57325,3day,26x27x1 5lb packages small MOUNTED,13.35
South Dakota Eastern,57325,2nd,26x27x1 5lb packages small MOUNTED,14.03
South Dakota Eastern,57325,nextday,26x27x1 5lb packages small MOUNTED,30.93
South Dakota Eastern,57325,ground,50x38x1 7lb packages huge MOUNTED,23.58
South Dakota Eastern,57325,3day,50x38x1 7lb packages huge MOUNTED,26.90
South Dakota Eastern,57325,2nd,50x38x1 7lb packages huge MOUNTED,29.13
South Dakota Eastern,57325,nextday,50x38x1 7lb packages huge MOUNTED,59.89
South Dakota Western,57701,ground,26x3x3 1lb packages poster,9.49
South Dakota Western,57701,3day,26x3x3 1lb packages poster,11.29
South Dakota Western,57701,2nd,26x3x3 1lb packages poster,11.96
South Dakota Western,57701,nextday,26x3x3 1lb packages poster,25.14
South Dakota Western,57701,ground,36x3x3 3lb packages poster,9.49
South Dakota Western,57701,3day,36x3x3 3lb packages poster,11.29
South Dakota Western,57701,2nd,36x3x3 3lb packages poster,11.97
South Dakota Western,57701,nextday,36x3x3 3lb packages poster,28.74
South Dakota Western,57701,ground,26x27x1 5lb packages small MOUNTED,9.48
South Dakota Western,57701,3day,26x27x1 5lb packages small MOUNTED,11.29
South Dakota Western,57701,2nd,26x27x1 5lb packages small MOUNTED,13.01
South Dakota Western,57701,nextday,26x27x1 5lb packages small MOUNTED,31.74
South Dakota Western,57701,ground,50x38x1 7lb packages huge MOUNTED,22.67
South Dakota Western,57701,3day,50x38x1 7lb packages huge MOUNTED,29.90
South Dakota Western,57701,2nd,50x38x1 7lb packages huge MOUNTED,34.61
South Dakota Western,57701,nextday,50x38x1 7lb packages huge MOUNTED,67.10
Kansas,67901,ground,26x3x3 1lb packages poster,11.16
Kansas,67901,3day,26x3x3 1lb packages poster,13.03
Kansas,67901,2nd,26x3x3 1lb packages poster,13.71
Kansas,67901,nextday,26x3x3 1lb packages poster,26.89
Kansas,67901,ground,36x3x3 3lb packages poster,11.16
Kansas,67901,3day,36x3x3 3lb packages poster,13.03
Kansas,67901,2nd,36x3x3 3lb packages poster,13.71
Kansas,67901,nextday,36x3x3 3lb packages poster,30.48
Kansas,67901,ground,26x27x1 5lb packages small MOUNTED,11.16
Kansas,67901,3day,26x27x1 5lb packages small MOUNTED,13.03
Kansas,67901,2nd,26x27x1 5lb packages small MOUNTED,14.75
Kansas,67901,nextday,26x27x1 5lb packages small MOUNTED,33.49
Kansas,67901,ground,50x38x1 7lb packages huge MOUNTED,24.32
Kansas,67901,3day,50x38x1 7lb packages huge MOUNTED,31.66
Kansas,67901,2nd,50x38x1 7lb packages huge MOUNTED,36.36
Kansas,67901,nextday,50x38x1 7lb packages huge MOUNTED,68.84
Iowa Central,50266,ground,26x3x3 1lb packages poster,9.48
Iowa Central,50266,3day,26x3x3 1lb packages poster,11.29
Iowa Central,50266,2nd,26x3x3 1lb packages poster,11.96
Iowa Central,50266,nextday,26x3x3 1lb packages poster,15.92
Iowa Central,50266,ground,36x3x3 3lb packages poster,9.48
Iowa Central,50266,3day,36x3x3 3lb packages poster,11.28
Iowa Central,50266,2nd,36x3x3 3lb packages poster,11.96
Iowa Central,50266,nextday,36x3x3 3lb packages poster,17.66
Iowa Central,50266,ground,26x27x1 5lb packages small MOUNTED,9.48
Iowa Central,50266,3day,26x27x1 5lb packages small MOUNTED,11.29
Iowa Central,50266,2nd,26x27x1 5lb packages small MOUNTED,11.97
Iowa Central,50266,nextday,26x27x1 5lb packages small MOUNTED,18.15
Iowa Central,50266,ground,50x38x1 7lb packages huge MOUNTED,21.67
Iowa Central,50266,3day,50x38x1 7lb packages huge MOUNTED,23.27
Iowa Central,50266,2nd,50x38x1 7lb packages huge MOUNTED,24.09
Iowa Central,50266,nextday,50x38x1 7lb packages huge MOUNTED,37.90
Iowa Northwestern,51012,ground,26x3x3 1lb packages poster,11.49
Iowa Northwestern,51012,3day,26x3x3 1lb packages poster,13.35
Iowa Northwestern,51012,2nd,26x3x3 1lb packages poster,14.03
Iowa Northwestern,51012,nextday,26x3x3 1lb packages poster,24.89
Iowa Northwestern,51012,ground,36x3x3 3lb packages poster,11.49
Iowa Northwestern,51012,3day,36x3x3 3lb packages poster,13.35
Iowa Northwestern,51012,2nd,36x3x3 3lb packages poster,14.03
Iowa Northwestern,51012,nextday,36x3x3 3lb packages poster,27.34
Iowa Northwestern,51012,ground,26x27x1 5lb packages small MOUNTED,11.49
Iowa Northwestern,51012,3day,26x27x1 5lb packages small MOUNTED,13.35
Iowa Northwestern,51012,2nd,26x27x1 5lb packages small MOUNTED,14.03
Iowa Northwestern,51012,nextday,26x27x1 5lb packages small MOUNTED,30.93
Iowa Northwestern,51012,ground,50x38x1 7lb packages huge MOUNTED,23.58
Iowa Northwestern,51012,3day,50x38x1 7lb packages huge MOUNTED,26.90
Iowa Northwestern,51012,2nd,50x38x1 7lb packages huge MOUNTED,29.13
Iowa Northwestern,51012,nextday,50x38x1 7lb packages huge MOUNTED,59.89
Minnesota Northern,56701,ground,26x3x3 1lb packages poster,9.48
Minnesota Northern,56701,3day,26x3x3 1lb packages poster,11.29
Minnesota Northern,56701,2nd,26x3x3 1lb packages poster,11.96
Minnesota Northern,56701,nextday,26x3x3 1lb packages poster,22.82
Minnesota Northern,56701,ground,36x3x3 3lb packages poster,9.49
Minnesota Northern,56701,3day,36x3x3 3lb packages poster,11.29
Minnesota Northern,56701,2nd,36x3x3 3lb packages poster,11.96
Minnesota Northern,56701,nextday,36x3x3 3lb packages poster,25.27
Minnesota Northern,56701,ground,26x27x1 5lb packages small MOUNTED,9.48
Minnesota Northern,56701,3day,26x27x1 5lb packages small MOUNTED,11.29
Minnesota Northern,56701,2nd,26x27x1 5lb packages small MOUNTED,11.97
Minnesota Northern,56701,nextday,26x27x1 5lb packages small MOUNTED,28.87
Minnesota Northern,56701,ground,50x38x1 7lb packages huge MOUNTED,21.62
Minnesota Northern,56701,3day,50x38x1 7lb packages huge MOUNTED,24.82
Minnesota Northern,56701,2nd,50x38x1 7lb packages huge MOUNTED,27.05
Minnesota Northern,56701,nextday,50x38x1 7lb packages huge MOUNTED,57.82
Minnesota Southern,56031,ground,26x3x3 1lb packages poster,11.16
Minnesota Southern,56031,3day,26x3x3 1lb packages poster,13.03
Minnesota Southern,56031,2nd,26x3x3 1lb packages poster,13.71
Minnesota Southern,56031,nextday,26x3x3 1lb packages poster,24.56
Minnesota Southern,56031,ground,36x3x3 3lb packages poster,11.16
Minnesota Southern,56031,3day,36x3x3 3lb packages poster,13.03
Minnesota Southern,56031,2nd,36x3x3 3lb packages poster,13.71
Minnesota Southern,56031,nextday,36x3x3 3lb packages poster,27.01
Minnesota Southern,56031,ground,26x27x1 5lb packages small MOUNTED,11.16
Minnesota Southern,56031,3day,26x27x1 5lb packages small MOUNTED,13.03
Minnesota Southern,56031,2nd,26x27x1 5lb packages small MOUNTED,13.71
Minnesota Southern,56031,nextday,26x27x1 5lb packages small MOUNTED,30.61
Minnesota Southern,56031,ground,50x38x1 7lb packages huge MOUNTED,23.26
Minnesota Southern,56031,3day,50x38x1 7lb packages huge MOUNTED,26.58
Minnesota Southern,56031,2nd,50x38x1 7lb packages huge MOUNTED,28.81
Minnesota Southern,56031,nextday,50x38x1 7lb packages huge MOUNTED,59.57
Missouri Northern,65109,ground,26x3x3 1lb packages poster,9.48
Missouri Northern,65109,3day,26x3x3 1lb packages poster,11.29
Missouri Northern,65109,2nd,26x3x3 1lb packages poster,11.96
Missouri Northern,65109,nextday,26x3x3 1lb packages poster,15.92
Missouri Northern,65109,ground,36x3x3 3lb packages poster,9.48
Missouri Northern,65109,3day,36x3x3 3lb packages poster,11.28
Missouri Northern,65109,2nd,36x3x3 3lb packages poster,11.96
Missouri Northern,65109,nextday,36x3x3 3lb packages poster,17.66
Missouri Northern,65109,ground,26x27x1 5lb packages small MOUNTED,9.48
Missouri Northern,65109,3day,26x27x1 5lb packages small MOUNTED,11.29
Missouri Northern,65109,2nd,26x27x1 5lb packages small MOUNTED,11.97
Missouri Northern,65109,nextday,26x27x1 5lb packages small MOUNTED,18.15
Missouri Northern,65109,ground,50x38x1 7lb packages huge MOUNTED,21.67
Missouri Northern,65109,3day,50x38x1 7lb packages huge MOUNTED,23.27
Missouri Northern,65109,2nd,50x38x1 7lb packages huge MOUNTED,24.09
Missouri Northern,65109,nextday,50x38x1 7lb packages huge MOUNTED,37.90
Missouri Southern,65775,ground,26x3x3 1lb packages poster,11.49
Missouri Southern,65775,3day,26x3x3 1lb packages poster,13.35
Missouri Southern,65775,2nd,26x3x3 1lb packages poster,14.03
Missouri Southern,65775,nextday,26x3x3 1lb packages poster,24.89
Missouri Southern,65775,ground,36x3x3 3lb packages poster,11.49
Missouri Southern,65775,3day,36x3x3 3lb packages poster,13.35
Missouri Southern,65775,2nd,36x3x3 3lb packages poster,14.03
Missouri Southern,65775,nextday,36x3x3 3lb packages poster,27.34
Missouri Southern,65775,ground,26x27x1 5lb packages small MOUNTED,11.49
Missouri Southern,65775,3day,26x27x1 5lb packages small MOUNTED,13.35
Missouri Southern,65775,2nd,26x27x1 5lb packages small MOUNTED,14.03
Missouri Southern,65775,nextday,26x27x1 5lb packages small MOUNTED,30.93
Missouri Southern,65775,ground,50x38x1 7lb packages huge MOUNTED,23.58
Missouri Southern,65775,3day,50x38x1 7lb packages huge MOUNTED,26.90
Missouri Southern,65775,2nd,50x38x1 7lb packages huge MOUNTED,29.13
Missouri Southern,65775,nextday,50x38x1 7lb packages huge MOUNTED,59.89
North Dakota Western,58801,ground,26x3x3 1lb packages poster,11.16
North Dakota Western,58801,3day,26x3x3 1lb packages poster,13.03
North Dakota Western,58801,2nd,26x3x3 1lb packages poster,13.71
North Dakota Western,58801,nextday,26x3x3 1lb packages poster,26.89
North Dakota Western,58801,ground,36x3x3 3lb packages poster,11.16
North Dakota Western,58801,3day,36x3x3 3lb packages poster,13.03
North Dakota Western,58801,2nd,36x3x3 3lb packages poster,13.71
North Dakota Western,58801,nextday,36x3x3 3lb packages poster,30.48
North Dakota Western,58801,ground,26x27x1 5lb packages small MOUNTED,11.16
North Dakota Western,58801,3day,26x27x1 5lb packages small MOUNTED,13.03
North Dakota Western,58801,2nd,26x27x1 5lb packages small MOUNTED,14.75
North Dakota Western,58801,nextday,26x27x1 5lb packages small MOUNTED,33.49
North Dakota Western,58801,ground,50x38x1 7lb packages huge MOUNTED,24.32
North Dakota Western,58801,3day,50x38x1 7lb packages huge MOUNTED,31.66
North Dakota Western,58801,2nd,50x38x1 7lb packages huge MOUNTED,36.36
North Dakota Western,58801,nextday,50x38x1 7lb packages huge MOUNTED,68.84
North Dakota Eastern,58075,ground,26x3x3 1lb packages poster,11.16
North Dakota Eastern,58075,3day,26x3x3 1lb packages poster,13.03
North Dakota Eastern,58075,2nd,26x3x3 1lb packages poster,13.71
North Dakota Eastern,58075,nextday,26x3x3 1lb packages poster,24.56
North Dakota Eastern,58075,ground,36x3x3 3lb packages poster,11.16
North Dakota Eastern,58075,3day,36x3x3 3lb packages poster,13.03
North Dakota Eastern,58075,2nd,36x3x3 3lb packages poster,13.71
North Dakota Eastern,58075,nextday,36x3x3 3lb packages poster,27.01
North Dakota Eastern,58075,ground,26x27x1 5lb packages small MOUNTED,11.16
North Dakota Eastern,58075,3day,26x27x1 5lb packages small MOUNTED,13.03
North Dakota Eastern,58075,2nd,26x27x1 5lb packages small MOUNTED,13.71
North Dakota Eastern,58075,nextday,26x27x1 5lb packages small MOUNTED,30.61
North Dakota Eastern,58075,ground,50x38x1 7lb packages huge MOUNTED,23.26
North Dakota Eastern,58075,3day,50x38x1 7lb packages huge MOUNTED,26.58
North Dakota Eastern,58075,2nd,50x38x1 7lb packages huge MOUNTED,28.81
North Dakota Eastern,58075,nextday,50x38x1 7lb packages huge MOUNTED,59.57
Indiana,46774,ground,26x3x3 1lb packages poster,9.49
Indiana,46774,3day,26x3x3 1lb packages poster,11.29
Indiana,46774,2nd,26x3x3 1lb packages poster,11.96
Indiana,46774,nextday,26x3x3 1lb packages poster,15.52
Indiana,46774,ground,36x3x3 3lb packages poster,9.49
Indiana,46774,3day,36x3x3 3lb packages poster,11.29
Indiana,46774,2nd,36x3x3 3lb packages poster,11.96
Indiana,46774,nextday,36x3x3 3lb packages poster,15.52
Indiana,46774,ground,26x27x1 5lb packages small MOUNTED,9.48
Indiana,46774,3day,26x27x1 5lb packages small MOUNTED,11.29
Indiana,46774,2nd,26x27x1 5lb packages small MOUNTED,11.97
Indiana,46774,nextday,26x27x1 5lb packages small MOUNTED,15.52
Indiana,46774,ground,50x38x1 7lb packages huge MOUNTED,21.16
Indiana,46774,3day,50x38x1 7lb packages huge MOUNTED,22.59
Indiana,46774,2nd,50x38x1 7lb packages huge MOUNTED,23.16
Indiana,46774,nextday,50x38x1 7lb packages huge MOUNTED,29.59
Illinois,61443,ground,26x3x3 1lb packages poster,11.16
Illinois,61443,3day,26x3x3 1lb packages poster,13.03
Illinois,61443,2nd,26x3x3 1lb packages poster,13.71
Illinois,61443,nextday,26x3x3 1lb packages poster,17.26
Illinois,61443,ground,36x3x3 3lb packages poster,11.16
Illinois,61443,3day,36x3x3 3lb packages poster,13.03
Illinois,61443,2nd,36x3x3 3lb packages poster,13.70
Illinois,61443,nextday,36x3x3 3lb packages poster,17.26
Illinois,61443,ground,26x27x1 5lb packages small MOUNTED,11.16
Illinois,61443,3day,26x27x1 5lb packages small MOUNTED,13.03
Illinois,61443,2nd,26x27x1 5lb packages small MOUNTED,13.71
Illinois,61443,nextday,26x27x1 5lb packages small MOUNTED,17.26
Illinois,61443,ground,50x38x1 7lb packages huge MOUNTED,22.78
Illinois,61443,3day,50x38x1 7lb packages huge MOUNTED,24.33
Illinois,61443,2nd,50x38x1 7lb packages huge MOUNTED,24.91
Illinois,61443,nextday,50x38x1 7lb packages huge MOUNTED,31.34
Michigan,49601,ground,26x3x3 1lb packages poster,11.16
Michigan,49601,3day,26x3x3 1lb packages poster,13.03
Michigan,49601,2nd,26x3x3 1lb packages poster,13.71
Michigan,49601,nextday,26x3x3 1lb packages poster,17.66
Michigan,49601,ground,36x3x3 3lb packages poster,11.16
Michigan,49601,3day,36x3x3 3lb packages poster,13.03
Michigan,49601,2nd,36x3x3 3lb packages poster,13.71
Michigan,49601,nextday,36x3x3 3lb packages poster,19.40
Michigan,49601,ground,26x27x1 5lb packages small MOUNTED,11.16
Michigan,49601,3day,26x27x1 5lb packages small MOUNTED,13.03
Michigan,49601,2nd,26x27x1 5lb packages small MOUNTED,13.71
Michigan,49601,nextday,26x27x1 5lb packages small MOUNTED,19.89
Michigan,49601,ground,50x38x1 7lb packages huge MOUNTED,23.30
Michigan,49601,3day,50x38x1 7lb packages huge MOUNTED,25.02
Michigan,49601,2nd,50x38x1 7lb packages huge MOUNTED,25.85
Michigan,49601,nextday,50x38x1 7lb packages huge MOUNTED,39.65
Wisconsin,54455,ground,26x3x3 1lb packages poster,11.16
Wisconsin,54455,3day,26x3x3 1lb packages poster,13.03
Wisconsin,54455,2nd,26x3x3 1lb packages poster,13.71
Wisconsin,54455,nextday,26x3x3 1lb packages poster,17.66
Wisconsin,54455,ground,36x3x3 3lb packages poster,11.16
Wisconsin,54455,3day,36x3x3 3lb packages poster,13.03
Wisconsin,54455,2nd,36x3x3 3lb packages poster,13.71
Wisconsin,54455,nextday,36x3x3 3lb packages poster,19.40
Wisconsin,54455,ground,26x27x1 5lb packages small MOUNTED,11.16
Wisconsin,54455,3day,26x27x1 5lb packages small MOUNTED,13.03
Wisconsin,54455,2nd,26x27x1 5lb packages small MOUNTED,13.71
Wisconsin,54455,nextday,26x27x1 5lb packages small MOUNTED,19.89
Wisconsin,54455,ground,50x38x1 7lb packages huge MOUNTED,23.30
Wisconsin,54455,3day,50x38x1 7lb packages huge MOUNTED,25.02
Wisconsin,54455,2nd,50x38x1 7lb packages huge MOUNTED,25.85
Wisconsin,54455,nextday,50x38x1 7lb packages huge MOUNTED,39.65
Ohio,43920,ground,26x3x3 1lb packages poster,11.16
Ohio,43920,3day,26x3x3 1lb packages poster,13.03
Ohio,43920,2nd,26x3x3 1lb packages poster,13.71
Ohio,43920,nextday,26x3x3 1lb packages poster,24.56
Ohio,43920,ground,36x3x3 3lb packages poster,11.16
Ohio,43920,3day,36x3x3 3lb packages poster,13.03
Ohio,43920,2nd,36x3x3 3lb packages poster,13.71
Ohio,43920,nextday,36x3x3 3lb packages poster,27.01
Ohio,43920,ground,26x27x1 5lb packages small MOUNTED,11.16
Ohio,43920,3day,26x27x1 5lb packages small MOUNTED,13.03
Ohio,43920,2nd,26x27x1 5lb packages small MOUNTED,13.71
Ohio,43920,nextday,26x27x1 5lb packages small MOUNTED,30.61
Ohio,43920,ground,50x38x1 7lb packages huge MOUNTED,23.26
Ohio,43920,3day,50x38x1 7lb packages huge MOUNTED,26.58
Ohio,43920,2nd,50x38x1 7lb packages huge MOUNTED,28.81
Ohio,43920,nextday,50x38x1 7lb packages huge MOUNTED,59.57
Tennessee Western,38363,ground,26x3x3 1lb packages poster,11.49
Tennessee Western,38363,3day,26x3x3 1lb packages poster,13.35
Tennessee Western,38363,2nd,26x3x3 1lb packages poster,14.03
Tennessee Western,38363,nextday,26x3x3 1lb packages poster,24.89
Tennessee Western,38363,ground,36x3x3 3lb packages poster,11.49
Tennessee Western,38363,3day,36x3x3 3lb packages poster,13.35
Tennessee Western,38363,2nd,36x3x3 3lb packages poster,14.03
Tennessee Western,38363,nextday,36x3x3 3lb packages poster,27.34
Tennessee Western,38363,ground,26x27x1 5lb packages small MOUNTED,11.49
Tennessee Western,38363,3day,26x27x1 5lb packages small MOUNTED,13.35
Tennessee Western,38363,2nd,26x27x1 5lb packages small MOUNTED,14.03
Tennessee Western,38363,nextday,26x27x1 5lb packages small MOUNTED,30.93
Tennessee Western,38363,ground,50x38x1 7lb packages huge MOUNTED,23.58
Tennessee Western,38363,3day,50x38x1 7lb packages huge MOUNTED,26.90
Tennessee Western,38363,2nd,50x38x1 7lb packages huge MOUNTED,29.13
Tennessee Western,38363,nextday,50x38x1 7lb packages huge MOUNTED,59.89
Tennessee Eastern,37617,ground,26x3x3 1lb packages poster,11.49
Tennessee Eastern,37617,3day,26x3x3 1lb packages poster,13.35
Tennessee Eastern,37617,2nd,26x3x3 1lb packages poster,14.03
Tennessee Eastern,37617,nextday,26x3x3 1lb packages poster,24.89
Tennessee Eastern,37617,ground,36x3x3 3lb packages poster,11.49
Tennessee Eastern,37617,3day,36x3x3 3lb packages poster,13.35
Tennessee Eastern,37617,2nd,36x3x3 3lb packages poster,14.03
Tennessee Eastern,37617,nextday,36x3x3 3lb packages poster,27.34
Tennessee Eastern,37617,ground,26x27x1 5lb packages small MOUNTED,11.49
Tennessee Eastern,37617,3day,26x27x1 5lb packages small MOUNTED,13.35
Tennessee Eastern,37617,2nd,26x27x1 5lb packages small MOUNTED,14.03
Tennessee Eastern,37617,nextday,26x27x1 5lb packages small MOUNTED,30.93
Tennessee Eastern,37617,ground,50x38x1 7lb packages huge MOUNTED,23.58
Tennessee Eastern,37617,3day,50x38x1 7lb packages huge MOUNTED,26.90
Tennessee Eastern,37617,2nd,50x38x1 7lb packages huge MOUNTED,29.13
Tennessee Eastern,37617,nextday,50x38x1 7lb packages huge MOUNTED,59.89
Kentucky Western,42303,ground,26x3x3 1lb packages poster,9.48
Kentucky Western,42303,3day,26x3x3 1lb packages poster,11.29
Kentucky Western,42303,2nd,26x3x3 1lb packages poster,11.96
Kentucky Western,42303,nextday,26x3x3 1lb packages poster,15.92
Kentucky Western,42303,ground,36x3x3 3lb packages poster,9.48
Kentucky Western,42303,3day,36x3x3 3lb packages poster,11.28
Kentucky Western,42303,2nd,36x3x3 3lb packages poster,11.96
Kentucky Western,42303,nextday,36x3x3 3lb packages poster,17.66
Kentucky Western,42303,ground,26x27x1 5lb packages small MOUNTED,9.48
Kentucky Western,42303,3day,26x27x1 5lb packages small MOUNTED,11.29
Kentucky Western,42303,2nd,26x27x1 5lb packages small MOUNTED,11.97
Kentucky Western,42303,nextday,26x27x1 5lb packages small MOUNTED,18.15
Kentucky Western,42303,ground,50x38x1 7lb packages huge MOUNTED,21.67
Kentucky Western,42303,3day,50x38x1 7lb packages huge MOUNTED,23.27
Kentucky Western,42303,2nd,50x38x1 7lb packages huge MOUNTED,24.09
Kentucky Western,42303,nextday,50x38x1 7lb packages huge MOUNTED,37.90
Kentucky Eastern,41102,ground,26x3x3 1lb packages poster,9.48
Kentucky Eastern,41102,3day,26x3x3 1lb packages poster,11.29
Kentucky Eastern,41102,2nd,26x3x3 1lb packages poster,11.96
Kentucky Eastern,41102,nextday,26x3x3 1lb packages poster,22.82
Kentucky Eastern,41102,ground,36x3x3 3lb packages poster,9.49
Kentucky Eastern,41102,3day,36x3x3 3lb packages poster,11.29
Kentucky Eastern,41102,2nd,36x3x3 3lb packages poster,11.96
Kentucky Eastern,41102,nextday,36x3x3 3lb packages poster,25.27
Kentucky Eastern,41102,ground,26x27x1 5lb packages small MOUNTED,9.48
Kentucky Eastern,41102,3day,26x27x1 5lb packages small MOUNTED,11.29
Kentucky Eastern,41102,2nd,26x27x1 5lb packages small MOUNTED,11.97
Kentucky Eastern,41102,nextday,26x27x1 5lb packages small MOUNTED,28.87
Kentucky Eastern,41102,ground,50x38x1 7lb packages huge MOUNTED,21.62
Kentucky Eastern,41102,3day,50x38x1 7lb packages huge MOUNTED,24.82
Kentucky Eastern,41102,2nd,50x38x1 7lb packages huge MOUNTED,27.05
Kentucky Eastern,41102,nextday,50x38x1 7lb packages huge MOUNTED,57.82
Mississippi Northern,38676,ground,26x3x3 1lb packages poster,11.49
Mississippi Northern,38676,3day,26x3x3 1lb packages poster,13.35
Mississippi Northern,38676,2nd,26x3x3 1lb packages poster,14.03
Mississippi Northern,38676,nextday,26x3x3 1lb packages poster,24.89
Mississippi Northern,38676,ground,36x3x3 3lb packages poster,11.49
Mississippi Northern,38676,3day,36x3x3 3lb packages poster,13.35
Mississippi Northern,38676,2nd,36x3x3 3lb packages poster,14.03
Mississippi Northern,38676,nextday,36x3x3 3lb packages poster,27.34
Mississippi Northern,38676,ground,26x27x1 5lb packages small MOUNTED,11.49
Mississippi Northern,38676,3day,26x27x1 5lb packages small MOUNTED,13.35
Mississippi Northern,38676,2nd,26x27x1 5lb packages small MOUNTED,14.03
Mississippi Northern,38676,nextday,26x27x1 5lb packages small MOUNTED,30.93
Mississippi Northern,38676,ground,50x38x1 7lb packages huge MOUNTED,23.58
Mississippi Northern,38676,3day,50x38x1 7lb packages huge MOUNTED,26.90
Mississippi Northern,38676,2nd,50x38x1 7lb packages huge MOUNTED,29.13
Mississippi Northern,38676,nextday,50x38x1 7lb packages huge MOUNTED,59.89
Mississippi Southern,39563,ground,26x3x3 1lb packages poster,11.16
Mississippi Southern,39563,3day,26x3x3 1lb packages poster,13.03
Mississippi Southern,39563,2nd,26x3x3 1lb packages poster,13.71
Mississippi Southern,39563,nextday,26x3x3 1lb packages poster,26.89
Mississippi Southern,39563,ground,36x3x3 3lb packages poster,11.16
Mississippi Southern,39563,3day,36x3x3 3lb packages poster,13.03
Mississippi Southern,39563,2nd,36x3x3 3lb packages poster,13.71
Mississippi Southern,39563,nextday,36x3x3 3lb packages poster,30.48
Mississippi Southern,39563,ground,26x27x1 5lb packages small MOUNTED,11.16
Mississippi Southern,39563,3day,26x27x1 5lb packages small MOUNTED,13.03
Mississippi Southern,39563,2nd,26x27x1 5lb packages small MOUNTED,14.75
Mississippi Southern,39563,nextday,26x27x1 5lb packages small MOUNTED,33.49
Mississippi Southern,39563,ground,50x38x1 7lb packages huge MOUNTED,24.32
Mississippi Southern,39563,3day,50x38x1 7lb packages huge MOUNTED,31.66
Mississippi Southern,39563,2nd,50x38x1 7lb packages huge MOUNTED,36.36
Mississippi Southern,39563,nextday,50x38x1 7lb packages huge MOUNTED,68.84
Nebraska Western,69361,ground,26x3x3 1lb packages poster,9.49
Nebraska Western,69361,3day,26x3x3 1lb packages poster,11.29
Nebraska Western,69361,2nd,26x3x3 1lb packages poster,11.96
Nebraska Western,69361,nextday,26x3x3 1lb packages poster,25.14
Nebraska Western,69361,ground,36x3x3 3lb packages poster,9.49
Nebraska Western,69361,3day,36x3x3 3lb packages poster,11.29
Nebraska Western,69361,2nd,36x3x3 3lb packages poster,11.97
Nebraska Western,69361,nextday,36x3x3 3lb packages poster,28.74
Nebraska Western,69361,ground,26x27x1 5lb packages small MOUNTED,9.48
Nebraska Western,69361,3day,26x27x1 5lb packages small MOUNTED,11.29
Nebraska Western,69361,2nd,26x27x1 5lb packages small MOUNTED,13.01
Nebraska Western,69361,nextday,26x27x1 5lb packages small MOUNTED,31.74
Nebraska Western,69361,ground,50x38x1 7lb packages huge MOUNTED,22.67
Nebraska Western,69361,3day,50x38x1 7lb packages huge MOUNTED,29.90
Nebraska Western,69361,2nd,50x38x1 7lb packages huge MOUNTED,34.61
Nebraska Western,69361,nextday,50x38x1 7lb packages huge MOUNTED,67.10
Nebraska Eastern,68410,ground,26x3x3 1lb packages poster,11.49
Nebraska Eastern,68410,3day,26x3x3 1lb packages poster,13.35
Nebraska Eastern,68410,2nd,26x3x3 1lb packages poster,14.03
Nebraska Eastern,68410,nextday,26x3x3 1lb packages poster,24.89
Nebraska Eastern,68410,ground,36x3x3 3lb packages poster,11.49
Nebraska Eastern,68410,3day,36x3x3 3lb packages poster,13.35
Nebraska Eastern,68410,2nd,36x3x3 3lb packages poster,14.03
Nebraska Eastern,68410,nextday,36x3x3 3lb packages poster,27.34
Nebraska Eastern,68410,ground,26x27x1 5lb packages small MOUNTED,11.49
Nebraska Eastern,68410,3day,26x27x1 5lb packages small MOUNTED,13.35
Nebraska Eastern,68410,2nd,26x27x1 5lb packages small MOUNTED,14.03
Nebraska Eastern,68410,nextday,26x27x1 5lb packages small MOUNTED,30.93
Nebraska Eastern,68410,ground,50x38x1 7lb packages huge MOUNTED,23.58
Nebraska Eastern,68410,3day,50x38x1 7lb packages huge MOUNTED,26.90
Nebraska Eastern,68410,2nd,50x38x1 7lb packages huge MOUNTED,29.13
Nebraska Eastern,68410,nextday,50x38x1 7lb packages huge MOUNTED,59.89
New Hampshire,3890,ground,26x3x3 1lb packages poster,11.48
New Hampshire,3890,3day,26x3x3 1lb packages poster,13.35
New Hampshire,3890,2nd,26x3x3 1lb packages poster,14.03
New Hampshire,3890,nextday,26x3x3 1lb packages poster,27.21
New Hampshire,3890,ground,36x3x3 3lb packages poster,11.48
New Hampshire,3890,3day,36x3x3 3lb packages poster,13.35
New Hampshire,3890,2nd,36x3x3 3lb packages poster,14.03
New Hampshire,3890,nextday,36x3x3 3lb packages poster,30.80
New Hampshire,3890,ground,26x27x1 5lb packages small MOUNTED,11.49
New Hampshire,3890,3day,26x27x1 5lb packages small MOUNTED,13.35
New Hampshire,3890,2nd,26x27x1 5lb packages small MOUNTED,15.07
New Hampshire,3890,nextday,26x27x1 5lb packages small MOUNTED,33.81
New Hampshire,3890,ground,50x38x1 7lb packages huge MOUNTED,24.64
New Hampshire,3890,3day,50x38x1 7lb packages huge MOUNTED,31.98
New Hampshire,3890,2nd,50x38x1 7lb packages huge MOUNTED,36.69
New Hampshire,3890,nextday,50x38x1 7lb packages huge MOUNTED,69.17
West Virginia,25401,ground,26x3x3 1lb packages poster,9.48
West Virginia,25401,3day,26x3x3 1lb packages poster,11.29
West Virginia,25401,2nd,26x3x3 1lb packages poster,11.96
West Virginia,25401,nextday,26x3x3 1lb packages poster,22.82
West Virginia,25401,ground,36x3x3 3lb packages poster,9.49
West Virginia,25401,3day,36x3x3 3lb packages poster,11.29
West Virginia,25401,2nd,36x3x3 3lb packages poster,11.96
West Virginia,25401,nextday,36x3x3 3lb packages poster,25.27
West Virginia,25401,ground,26x27x1 5lb packages small MOUNTED,9.48
West Virginia,25401,3day,26x27x1 5lb packages small MOUNTED,11.29
West Virginia,25401,2nd,26x27x1 5lb packages small MOUNTED,11.97
West Virginia,25401,nextday,26x27x1 5lb packages small MOUNTED,28.87
West Virginia,25401,ground,50x38x1 7lb packages huge MOUNTED,21.62
West Virginia,25401,3day,50x38x1 7lb packages huge MOUNTED,24.82
West Virginia,25401,2nd,50x38x1 7lb packages huge MOUNTED,27.05
West Virginia,25401,nextday,50x38x1 7lb packages huge MOUNTED,57.82
Arizona Eastern,85602,ground,26x3x3 1lb packages poster,11.51
Arizona Eastern,85602,3day,26x3x3 1lb packages poster,13.54
Arizona Eastern,85602,2nd,26x3x3 1lb packages poster,15.15
Arizona Eastern,85602,nextday,26x3x3 1lb packages poster,31.65
Arizona Eastern,85602,ground,36x3x3 3lb packages poster,11.51
Arizona Eastern,85602,3day,36x3x3 3lb packages poster,14.74
Arizona Eastern,85602,2nd,36x3x3 3lb packages poster,17.22
Arizona Eastern,85602,nextday,36x3x3 3lb packages poster,36.49
Arizona Eastern,85602,ground,26x27x1 5lb packages small MOUNTED,11.81
Arizona Eastern,85602,3day,26x27x1 5lb packages small MOUNTED,17.92
Arizona Eastern,85602,2nd,26x27x1 5lb packages small MOUNTED,21.25
Arizona Eastern,85602,nextday,26x27x1 5lb packages small MOUNTED,39.93
Arizona Eastern,85602,ground,50x38x1 7lb packages huge MOUNTED,27.44
Arizona Eastern,85602,3day,50x38x1 7lb packages huge MOUNTED,42.54
Arizona Eastern,85602,2nd,50x38x1 7lb packages huge MOUNTED,51.08
Arizona Eastern,85602,nextday,50x38x1 7lb packages huge MOUNTED,74.74
Arizona Western,85349,ground,26x3x3 1lb packages poster,9.51
Arizona Western,85349,3day,26x3x3 1lb packages poster,11.44
Arizona Western,85349,2nd,26x3x3 1lb packages poster,13.06
Arizona Western,85349,nextday,26x3x3 1lb packages poster,29.56
Arizona Western,85349,ground,36x3x3 3lb packages poster,9.51
Arizona Western,85349,3day,36x3x3 3lb packages poster,12.64
Arizona Western,85349,2nd,36x3x3 3lb packages poster,15.13
Arizona Western,85349,nextday,36x3x3 3lb packages poster,34.40
Arizona Western,85349,ground,26x27x1 5lb packages small MOUNTED,9.81
Arizona Western,85349,3day,26x27x1 5lb packages small MOUNTED,15.83
Arizona Western,85349,2nd,26x27x1 5lb packages small MOUNTED,19.16
Arizona Western,85349,nextday,26x27x1 5lb packages small MOUNTED,37.83
Arizona Western,85349,ground,50x38x1 7lb packages huge MOUNTED,25.45
Arizona Western,85349,3day,50x38x1 7lb packages huge MOUNTED,40.44
Arizona Western,85349,2nd,50x38x1 7lb packages huge MOUNTED,48.97
Arizona Western,85349,nextday,50x38x1 7lb packages huge MOUNTED,72.64
California Northern,95948,ground,26x3x3 1lb packages poster,11.19
California Northern,95948,3day,26x3x3 1lb packages poster,13.21
California Northern,95948,2nd,26x3x3 1lb packages poster,14.82
California Northern,95948,nextday,26x3x3 1lb packages poster,31.33
California Northern,95948,ground,36x3x3 3lb packages poster,11.19
California Northern,95948,3day,36x3x3 3lb packages poster,14.41
California Northern,95948,2nd,36x3x3 3lb packages poster,16.89
California Northern,95948,nextday,36x3x3 3lb packages poster,36.16
California Northern,95948,ground,26x27x1 5lb packages small MOUNTED,11.49
California Northern,95948,3day,26x27x1 5lb packages small MOUNTED,17.59
California Northern,95948,2nd,26x27x1 5lb packages small MOUNTED,20.93
California Northern,95948,nextday,26x27x1 5lb packages small MOUNTED,39.60
California Northern,95948,ground,50x38x1 7lb packages huge MOUNTED,27.11
California Northern,95948,3day,50x38x1 7lb packages huge MOUNTED,42.22
California Northern,95948,2nd,50x38x1 7lb packages huge MOUNTED,50.75
California Northern,95948,nextday,50x38x1 7lb packages huge MOUNTED,74.41
California Southern,92173,ground,26x3x3 1lb packages poster,9.51
California Southern,92173,3day,26x3x3 1lb packages poster,11.44
California Southern,92173,2nd,26x3x3 1lb packages poster,13.06
California Southern,92173,nextday,26x3x3 1lb packages poster,29.56
California Southern,92173,ground,36x3x3 3lb packages poster,9.51
California Southern,92173,3day,36x3x3 3lb packages poster,12.64
California Southern,92173,2nd,36x3x3 3lb packages poster,15.13
California Southern,92173,nextday,36x3x3 3lb packages poster,34.40
California Southern,92173,ground,26x27x1 5lb packages small MOUNTED,9.81
California Southern,92173,3day,26x27x1 5lb packages small MOUNTED,15.83
California Southern,92173,2nd,26x27x1 5lb packages small MOUNTED,19.16
California Southern,92173,nextday,26x27x1 5lb packages small MOUNTED,37.83
California Southern,92173,ground,50x38x1 7lb packages huge MOUNTED,25.45
California Southern,92173,3day,50x38x1 7lb packages huge MOUNTED,40.44
California Southern,92173,2nd,50x38x1 7lb packages huge MOUNTED,48.97
California Southern,92173,nextday,50x38x1 7lb packages huge MOUNTED,72.64
Colorado Eastern,80102,ground,26x3x3 1lb packages poster,11.51
Colorado Eastern,80102,3day,26x3x3 1lb packages poster,13.54
Colorado Eastern,80102,2nd,26x3x3 1lb packages poster,14.22
Colorado Eastern,80102,nextday,26x3x3 1lb packages poster,27.59
Colorado Eastern,80102,ground,36x3x3 3lb packages poster,11.51
Colorado Eastern,80102,3day,36x3x3 3lb packages poster,13.54
Colorado Eastern,80102,2nd,36x3x3 3lb packages poster,14.23
Colorado Eastern,80102,nextday,36x3x3 3lb packages poster,31.23
Colorado Eastern,80102,ground,26x27x1 5lb packages small MOUNTED,11.51
Colorado Eastern,80102,3day,26x27x1 5lb packages small MOUNTED,13.54
Colorado Eastern,80102,2nd,26x27x1 5lb packages small MOUNTED,15.28
Colorado Eastern,80102,nextday,26x27x1 5lb packages small MOUNTED,34.28
Colorado Eastern,80102,ground,50x38x1 7lb packages huge MOUNTED,25.26
Colorado Eastern,80102,3day,50x38x1 7lb packages huge MOUNTED,32.96
Colorado Eastern,80102,2nd,50x38x1 7lb packages huge MOUNTED,37.71
Colorado Eastern,80102,nextday,50x38x1 7lb packages huge MOUNTED,70.64
Colorado Western,80452,ground,26x3x3 1lb packages poster,11.51
Colorado Western,80452,3day,26x3x3 1lb packages poster,13.54
Colorado Western,80452,2nd,26x3x3 1lb packages poster,14.22
Colorado Western,80452,nextday,26x3x3 1lb packages poster,27.59
Colorado Western,80452,ground,36x3x3 3lb packages poster,11.51
Colorado Western,80452,3day,36x3x3 3lb packages poster,13.54
Colorado Western,80452,2nd,36x3x3 3lb packages poster,14.23
Colorado Western,80452,nextday,36x3x3 3lb packages poster,31.23
Colorado Western,80452,ground,26x27x1 5lb packages small MOUNTED,11.51
Colorado Western,80452,3day,26x27x1 5lb packages small MOUNTED,13.54
Colorado Western,80452,2nd,26x27x1 5lb packages small MOUNTED,15.28
Colorado Western,80452,nextday,26x27x1 5lb packages small MOUNTED,34.28
Colorado Western,80452,ground,50x38x1 7lb packages huge MOUNTED,25.26
Colorado Western,80452,3day,50x38x1 7lb packages huge MOUNTED,32.96
Colorado Western,80452,2nd,50x38x1 7lb packages huge MOUNTED,37.71
Colorado Western,80452,nextday,50x38x1 7lb packages huge MOUNTED,70.64
Florida Northwest,32444,ground,26x3x3 1lb packages poster,9.50
Florida Northwest,32444,3day,26x3x3 1lb packages poster,11.45
Florida Northwest,32444,2nd,26x3x3 1lb packages poster,12.13
Florida Northwest,32444,nextday,26x3x3 1lb packages poster,25.50
Florida Northwest,32444,ground,36x3x3 3lb packages poster,9.51
Florida Northwest,32444,3day,36x3x3 3lb packages poster,11.44
Florida Northwest,32444,2nd,36x3x3 3lb packages poster,12.13
Florida Northwest,32444,nextday,36x3x3 3lb packages poster,29.14
Florida Northwest,32444,ground,26x27x1 5lb packages small MOUNTED,9.50
Florida Northwest,32444,3day,26x27x1 5lb packages small MOUNTED,11.45
Florida Northwest,32444,2nd,26x27x1 5lb packages small MOUNTED,13.19
Florida Northwest,32444,nextday,26x27x1 5lb packages small MOUNTED,32.19
Florida Northwest,32444,ground,50x38x1 7lb packages huge MOUNTED,23.29
Florida Northwest,32444,3day,50x38x1 7lb packages huge MOUNTED,30.86
Florida Northwest,32444,2nd,50x38x1 7lb packages huge MOUNTED,35.61
Florida Northwest,32444,nextday,50x38x1 7lb packages huge MOUNTED,68.54
Florida Central,33570,ground,26x3x3 1lb packages poster,9.50
Florida Central,33570,3day,26x3x3 1lb packages poster,11.45
Florida Central,33570,2nd,26x3x3 1lb packages poster,12.13
Florida Central,33570,nextday,26x3x3 1lb packages poster,25.50
Florida Central,33570,ground,36x3x3 3lb packages poster,9.51
Florida Central,33570,3day,36x3x3 3lb packages poster,11.44
Florida Central,33570,2nd,36x3x3 3lb packages poster,12.13
Florida Central,33570,nextday,36x3x3 3lb packages poster,29.14
Florida Central,33570,ground,26x27x1 5lb packages small MOUNTED,9.50
Florida Central,33570,3day,26x27x1 5lb packages small MOUNTED,11.45
Florida Central,33570,2nd,26x27x1 5lb packages small MOUNTED,13.19
Florida Central,33570,nextday,26x27x1 5lb packages small MOUNTED,32.19
Florida Central,33570,ground,50x38x1 7lb packages huge MOUNTED,23.29
Florida Central,33570,3day,50x38x1 7lb packages huge MOUNTED,30.86
Florida Central,33570,2nd,50x38x1 7lb packages huge MOUNTED,35.61
Florida Central,33570,nextday,50x38x1 7lb packages huge MOUNTED,68.54
Florida Southern,33034,ground,26x3x3 1lb packages poster,9.51
Florida Southern,33034,3day,26x3x3 1lb packages poster,11.44
Florida Southern,33034,2nd,26x3x3 1lb packages poster,12.13
Florida Southern,33034,nextday,26x3x3 1lb packages poster,26.25
Florida Southern,33034,ground,36x3x3 3lb packages poster,9.50
Florida Southern,33034,3day,36x3x3 3lb packages poster,11.82
Florida Southern,33034,2nd,36x3x3 3lb packages poster,13.53
Florida Southern,33034,nextday,36x3x3 3lb packages poster,31.33
Florida Southern,33034,ground,26x27x1 5lb packages small MOUNTED,9.50
Florida Southern,33034,3day,26x27x1 5lb packages small MOUNTED,13.94
Florida Southern,33034,2nd,26x27x1 5lb packages small MOUNTED,17.42
Florida Southern,33034,nextday,26x27x1 5lb packages small MOUNTED,33.37
Florida Southern,33034,ground,50x38x1 7lb packages huge MOUNTED,23.66
Florida Southern,33034,3day,50x38x1 7lb packages huge MOUNTED,37.26
Florida Southern,33034,2nd,50x38x1 7lb packages huge MOUNTED,45.77
Florida Southern,33034,nextday,50x38x1 7lb packages huge MOUNTED,71.28
Utah,84770,ground,26x3x3 1lb packages poster,11.19
Utah,84770,3day,26x3x3 1lb packages poster,13.21
Utah,84770,2nd,26x3x3 1lb packages poster,13.90
Utah,84770,nextday,26x3x3 1lb packages poster,28.01
Utah,84770,ground,36x3x3 3lb packages poster,11.18
Utah,84770,3day,36x3x3 3lb packages poster,13.58
Utah,84770,2nd,36x3x3 3lb packages poster,15.29
Utah,84770,nextday,36x3x3 3lb packages poster,33.09
Utah,84770,ground,26x27x1 5lb packages small MOUNTED,11.19
Utah,84770,3day,26x27x1 5lb packages small MOUNTED,15.71
Utah,84770,2nd,26x27x1 5lb packages small MOUNTED,19.18
Utah,84770,nextday,26x27x1 5lb packages small MOUNTED,35.13
Utah,84770,ground,50x38x1 7lb packages huge MOUNTED,25.32
Utah,84770,3day,50x38x1 7lb packages huge MOUNTED,39.04
Utah,84770,2nd,50x38x1 7lb packages huge MOUNTED,47.55
Utah,84770,nextday,50x38x1 7lb packages huge MOUNTED,73.06
Idaho Southern,83318,ground,26x3x3 1lb packages poster,11.19
Idaho Southern,83318,3day,26x3x3 1lb packages poster,13.21
Idaho Southern,83318,2nd,26x3x3 1lb packages poster,13.90
Idaho Southern,83318,nextday,26x3x3 1lb packages poster,28.01
Idaho Southern,83318,ground,36x3x3 3lb packages poster,11.18
Idaho Southern,83318,3day,36x3x3 3lb packages poster,13.58
Idaho Southern,83318,2nd,36x3x3 3lb packages poster,15.29
Idaho Southern,83318,nextday,36x3x3 3lb packages poster,33.09
Idaho Southern,83318,ground,26x27x1 5lb packages small MOUNTED,11.19
Idaho Southern,83318,3day,26x27x1 5lb packages small MOUNTED,15.71
Idaho Southern,83318,2nd,26x27x1 5lb packages small MOUNTED,19.18
Idaho Southern,83318,nextday,26x27x1 5lb packages small MOUNTED,35.13
Idaho Southern,83318,ground,50x38x1 7lb packages huge MOUNTED,25.32
Idaho Southern,83318,3day,50x38x1 7lb packages huge MOUNTED,39.04
Idaho Southern,83318,2nd,50x38x1 7lb packages huge MOUNTED,47.55
Idaho Southern,83318,nextday,50x38x1 7lb packages huge MOUNTED,73.06
Idaho Northern,83617,ground,26x3x3 1lb packages poster,11.51
Idaho Northern,83617,3day,26x3x3 1lb packages poster,13.54
Idaho Northern,83617,2nd,26x3x3 1lb packages poster,15.15
Idaho Northern,83617,nextday,26x3x3 1lb packages poster,31.65
Idaho Northern,83617,ground,36x3x3 3lb packages poster,11.51
Idaho Northern,83617,3day,36x3x3 3lb packages poster,14.74
Idaho Northern,83617,2nd,36x3x3 3lb packages poster,17.22
Idaho Northern,83617,nextday,36x3x3 3lb packages poster,36.49
Idaho Northern,83617,ground,26x27x1 5lb packages small MOUNTED,11.81
Idaho Northern,83617,3day,26x27x1 5lb packages small MOUNTED,17.92
Idaho Northern,83617,2nd,26x27x1 5lb packages small MOUNTED,21.25
Idaho Northern,83617,nextday,26x27x1 5lb packages small MOUNTED,39.93
Idaho Northern,83617,ground,50x38x1 7lb packages huge MOUNTED,27.44
Idaho Northern,83617,3day,50x38x1 7lb packages huge MOUNTED,42.54
Idaho Northern,83617,2nd,50x38x1 7lb packages huge MOUNTED,51.08
Idaho Northern,83617,nextday,50x38x1 7lb packages huge MOUNTED,74.74
Washington Western,98520,ground,26x3x3 1lb packages poster,11.19
Washington Western,98520,3day,26x3x3 1lb packages poster,13.21
Washington Western,98520,2nd,26x3x3 1lb packages poster,14.82
Washington Western,98520,nextday,26x3x3 1lb packages poster,31.33
Washington Western,98520,ground,36x3x3 3lb packages poster,11.19
Washington Western,98520,3day,36x3x3 3lb packages poster,14.41
Washington Western,98520,2nd,36x3x3 3lb packages poster,16.89
Washington Western,98520,nextday,36x3x3 3lb packages poster,36.16
Washington Western,98520,ground,26x27x1 5lb packages small MOUNTED,11.49
Washington Western,98520,3day,26x27x1 5lb packages small MOUNTED,17.59
Washington Western,98520,2nd,26x27x1 5lb packages small MOUNTED,20.93
Washington Western,98520,nextday,26x27x1 5lb packages small MOUNTED,39.60
Washington Western,98520,ground,50x38x1 7lb packages huge MOUNTED,27.11
Washington Western,98520,3day,50x38x1 7lb packages huge MOUNTED,42.22
Washington Western,98520,2nd,50x38x1 7lb packages huge MOUNTED,50.75
Washington Western,98520,nextday,50x38x1 7lb packages huge MOUNTED,74.41
Washington Eastern,98901,ground,26x3x3 1lb packages poster,9.51
Washington Eastern,98901,3day,26x3x3 1lb packages poster,11.44
Washington Eastern,98901,2nd,26x3x3 1lb packages poster,13.06
Washington Eastern,98901,nextday,26x3x3 1lb packages poster,29.56
Washington Eastern,98901,ground,36x3x3 3lb packages poster,9.51
Washington Eastern,98901,3day,36x3x3 3lb packages poster,12.64
Washington Eastern,98901,2nd,36x3x3 3lb packages poster,15.13
Washington Eastern,98901,nextday,36x3x3 3lb packages poster,34.40
Washington Eastern,98901,ground,26x27x1 5lb packages small MOUNTED,9.81
Washington Eastern,98901,3day,26x27x1 5lb packages small MOUNTED,15.83
Washington Eastern,98901,2nd,26x27x1 5lb packages small MOUNTED,19.16
Washington Eastern,98901,nextday,26x27x1 5lb packages small MOUNTED,37.83
Washington Eastern,98901,ground,50x38x1 7lb packages huge MOUNTED,25.45
Washington Eastern,98901,3day,50x38x1 7lb packages huge MOUNTED,40.44
Washington Eastern,98901,2nd,50x38x1 7lb packages huge MOUNTED,48.97
Washington Eastern,98901,nextday,50x38x1 7lb packages huge MOUNTED,72.64
Maine Western,4281,ground,26x3x3 1lb packages poster,11.19
Maine Western,4281,3day,26x3x3 1lb packages poster,13.21
Maine Western,4281,2nd,26x3x3 1lb packages poster,13.90
Maine Western,4281,nextday,26x3x3 1lb packages poster,27.26
Maine Western,4281,ground,36x3x3 3lb packages poster,11.19
Maine Western,4281,3day,36x3x3 3lb packages poster,13.21
Maine Western,4281,2nd,36x3x3 3lb packages poster,13.90
Maine Western,4281,nextday,36x3x3 3lb packages poster,30.90
Maine Western,4281,ground,26x27x1 5lb packages small MOUNTED,11.19
Maine Western,4281,3day,26x27x1 5lb packages small MOUNTED,13.21
Maine Western,4281,2nd,26x27x1 5lb packages small MOUNTED,14.96
Maine Western,4281,nextday,26x27x1 5lb packages small MOUNTED,33.96
Maine Western,4281,ground,50x38x1 7lb packages huge MOUNTED,24.93
Maine Western,4281,3day,50x38x1 7lb packages huge MOUNTED,32.63
Maine Western,4281,2nd,50x38x1 7lb packages huge MOUNTED,37.39
Maine Western,4281,nextday,50x38x1 7lb packages huge MOUNTED,70.31
Maine Eastern,4605,ground,26x3x3 1lb packages poster,11.19
Maine Eastern,4605,3day,26x3x3 1lb packages poster,13.21
Maine Eastern,4605,2nd,26x3x3 1lb packages poster,13.90
Maine Eastern,4605,nextday,26x3x3 1lb packages poster,27.26
Maine Eastern,4605,ground,36x3x3 3lb packages poster,11.19
Maine Eastern,4605,3day,36x3x3 3lb packages poster,13.21
Maine Eastern,4605,2nd,36x3x3 3lb packages poster,13.90
Maine Eastern,4605,nextday,36x3x3 3lb packages poster,30.90
Maine Eastern,4605,ground,26x27x1 5lb packages small MOUNTED,11.19
Maine Eastern,4605,3day,26x27x1 5lb packages small MOUNTED,13.21
Maine Eastern,4605,2nd,26x27x1 5lb packages small MOUNTED,14.96
Maine Eastern,4605,nextday,26x27x1 5lb packages small MOUNTED,33.96
Maine Eastern,4605,ground,50x38x1 7lb packages huge MOUNTED,24.93
Maine Eastern,4605,3day,50x38x1 7lb packages huge MOUNTED,32.63
Maine Eastern,4605,2nd,50x38x1 7lb packages huge MOUNTED,37.39
Maine Eastern,4605,nextday,50x38x1 7lb packages huge MOUNTED,70.31
Montana Western,59808,ground,26x3x3 1lb packages poster,9.51
Montana Western,59808,3day,26x3x3 1lb packages poster,11.44
Montana Western,59808,2nd,26x3x3 1lb packages poster,12.13
Montana Western,59808,nextday,26x3x3 1lb packages poster,26.25
Montana Western,59808,ground,36x3x3 3lb packages poster,9.50
Montana Western,59808,3day,36x3x3 3lb packages poster,11.82
Montana Western,59808,2nd,36x3x3 3lb packages poster,13.53
Montana Western,59808,nextday,36x3x3 3lb packages poster,31.33
Montana Western,59808,ground,26x27x1 5lb packages small MOUNTED,9.50
Montana Western,59808,3day,26x27x1 5lb packages small MOUNTED,13.94
Montana Western,59808,2nd,26x27x1 5lb packages small MOUNTED,17.42
Montana Western,59808,nextday,26x27x1 5lb packages small MOUNTED,33.37
Montana Western,59808,ground,50x38x1 7lb packages huge MOUNTED,23.66
Montana Western,59808,3day,50x38x1 7lb packages huge MOUNTED,37.26
Montana Western,59808,2nd,50x38x1 7lb packages huge MOUNTED,45.77
Montana Western,59808,nextday,50x38x1 7lb packages huge MOUNTED,71.28
Montana Eastern,59301,ground,26x3x3 1lb packages poster,11.51
Montana Eastern,59301,3day,26x3x3 1lb packages poster,13.54
Montana Eastern,59301,2nd,26x3x3 1lb packages poster,14.22
Montana Eastern,59301,nextday,26x3x3 1lb packages poster,27.59
Montana Eastern,59301,ground,36x3x3 3lb packages poster,11.51
Montana Eastern,59301,3day,36x3x3 3lb packages poster,13.54
Montana Eastern,59301,2nd,36x3x3 3lb packages poster,14.23
Montana Eastern,59301,nextday,36x3x3 3lb packages poster,31.23
Montana Eastern,59301,ground,26x27x1 5lb packages small MOUNTED,11.51
Montana Eastern,59301,3day,26x27x1 5lb packages small MOUNTED,13.54
Montana Eastern,59301,2nd,26x27x1 5lb packages small MOUNTED,15.28
Montana Eastern,59301,nextday,26x27x1 5lb packages small MOUNTED,34.28
Montana Eastern,59301,ground,50x38x1 7lb packages huge MOUNTED,25.26
Montana Eastern,59301,3day,50x38x1 7lb packages huge MOUNTED,32.96
Montana Eastern,59301,2nd,50x38x1 7lb packages huge MOUNTED,37.71
Montana Eastern,59301,nextday,50x38x1 7lb packages huge MOUNTED,70.64
Montana Southern,59019,ground,26x3x3 1lb packages poster,11.51
Montana Southern,59019,3day,26x3x3 1lb packages poster,13.54
Montana Southern,59019,2nd,26x3x3 1lb packages poster,14.22
Montana Southern,59019,nextday,26x3x3 1lb packages poster,28.34
Montana Southern,59019,ground,36x3x3 3lb packages poster,11.51
Montana Southern,59019,3day,36x3x3 3lb packages poster,13.91
Montana Southern,59019,2nd,36x3x3 3lb packages poster,15.62
Montana Southern,59019,nextday,36x3x3 3lb packages poster,33.42
Montana Southern,59019,ground,26x27x1 5lb packages small MOUNTED,11.51
Montana Southern,59019,3day,26x27x1 5lb packages small MOUNTED,16.03
Montana Southern,59019,2nd,26x27x1 5lb packages small MOUNTED,19.51
Montana Southern,59019,nextday,26x27x1 5lb packages small MOUNTED,35.46
Montana Southern,59019,ground,50x38x1 7lb packages huge MOUNTED,25.64
Montana Southern,59019,3day,50x38x1 7lb packages huge MOUNTED,39.37
Montana Southern,59019,2nd,50x38x1 7lb packages huge MOUNTED,47.88
Montana Southern,59019,nextday,50x38x1 7lb packages huge MOUNTED,73.38
Nevada Northern,89445,ground,26x3x3 1lb packages poster,11.51
Nevada Northern,89445,3day,26x3x3 1lb packages poster,13.54
Nevada Northern,89445,2nd,26x3x3 1lb packages poster,15.15
Nevada Northern,89445,nextday,26x3x3 1lb packages poster,31.65
Nevada Northern,89445,ground,36x3x3 3lb packages poster,11.51
Nevada Northern,89445,3day,36x3x3 3lb packages poster,14.74
Nevada Northern,89445,2nd,36x3x3 3lb packages poster,17.22
Nevada Northern,89445,nextday,36x3x3 3lb packages poster,36.49
Nevada Northern,89445,ground,26x27x1 5lb packages small MOUNTED,11.81
Nevada Northern,89445,3day,26x27x1 5lb packages small MOUNTED,17.92
Nevada Northern,89445,2nd,26x27x1 5lb packages small MOUNTED,21.25
Nevada Northern,89445,nextday,26x27x1 5lb packages small MOUNTED,39.93
Nevada Northern,89445,ground,50x38x1 7lb packages huge MOUNTED,27.44
Nevada Northern,89445,3day,50x38x1 7lb packages huge MOUNTED,42.54
Nevada Northern,89445,2nd,50x38x1 7lb packages huge MOUNTED,51.08
Nevada Northern,89445,nextday,50x38x1 7lb packages huge MOUNTED,74.74
Nevada Southern,89046,ground,26x3x3 1lb packages poster,11.51
Nevada Southern,89046,3day,26x3x3 1lb packages poster,13.54
Nevada Southern,89046,2nd,26x3x3 1lb packages poster,15.15
Nevada Southern,89046,nextday,26x3x3 1lb packages poster,31.65
Nevada Southern,89046,ground,36x3x3 3lb packages poster,11.51
Nevada Southern,89046,3day,36x3x3 3lb packages poster,14.74
Nevada Southern,89046,2nd,36x3x3 3lb packages poster,17.22
Nevada Southern,89046,nextday,36x3x3 3lb packages poster,36.49
Nevada Southern,89046,ground,26x27x1 5lb packages small MOUNTED,11.81
Nevada Southern,89046,3day,26x27x1 5lb packages small MOUNTED,17.92
Nevada Southern,89046,2nd,26x27x1 5lb packages small MOUNTED,21.25
Nevada Southern,89046,nextday,26x27x1 5lb packages small MOUNTED,39.93
Nevada Southern,89046,ground,50x38x1 7lb packages huge MOUNTED,27.44
Nevada Southern,89046,3day,50x38x1 7lb packages huge MOUNTED,42.54
Nevada Southern,89046,2nd,50x38x1 7lb packages huge MOUNTED,51.08
Nevada Southern,89046,nextday,50x38x1 7lb packages huge MOUNTED,74.74
Wyoming Western,82520,ground,26x3x3 1lb packages poster,11.51
Wyoming Western,82520,3day,26x3x3 1lb packages poster,13.54
Wyoming Western,82520,2nd,26x3x3 1lb packages poster,14.22
Wyoming Western,82520,nextday,26x3x3 1lb packages poster,28.34
Wyoming Western,82520,ground,36x3x3 3lb packages poster,11.51
Wyoming Western,82520,3day,36x3x3 3lb packages poster,13.91
Wyoming Western,82520,2nd,36x3x3 3lb packages poster,15.62
Wyoming Western,82520,nextday,36x3x3 3lb packages poster,33.42
Wyoming Western,82520,ground,26x27x1 5lb packages small MOUNTED,11.51
Wyoming Western,82520,3day,26x27x1 5lb packages small MOUNTED,16.03
Wyoming Western,82520,2nd,26x27x1 5lb packages small MOUNTED,19.51
Wyoming Western,82520,nextday,26x27x1 5lb packages small MOUNTED,35.46
Wyoming Western,82520,ground,50x38x1 7lb packages huge MOUNTED,25.64
Wyoming Western,82520,3day,50x38x1 7lb packages huge MOUNTED,39.37
Wyoming Western,82520,2nd,50x38x1 7lb packages huge MOUNTED,47.88
Wyoming Western,82520,nextday,50x38x1 7lb packages huge MOUNTED,73.38
Wyoming Eastern,82633,ground,26x3x3 1lb packages poster,11.51
Wyoming Eastern,82633,3day,26x3x3 1lb packages poster,13.54
Wyoming Eastern,82633,2nd,26x3x3 1lb packages poster,14.22
Wyoming Eastern,82633,nextday,26x3x3 1lb packages poster,27.59
Wyoming Eastern,82633,ground,36x3x3 3lb packages poster,11.51
Wyoming Eastern,82633,3day,36x3x3 3lb packages poster,13.54
Wyoming Eastern,82633,2nd,36x3x3 3lb packages poster,14.23
Wyoming Eastern,82633,nextday,36x3x3 3lb packages poster,31.23
Wyoming Eastern,82633,ground,26x27x1 5lb packages small MOUNTED,11.51
Wyoming Eastern,82633,3day,26x27x1 5lb packages small MOUNTED,13.54
Wyoming Eastern,82633,2nd,26x27x1 5lb packages small MOUNTED,15.28
Wyoming Eastern,82633,nextday,26x27x1 5lb packages small MOUNTED,34.28
Wyoming Eastern,82633,ground,50x38x1 7lb packages huge MOUNTED,25.26
Wyoming Eastern,82633,3day,50x38x1 7lb packages huge MOUNTED,32.96
Wyoming Eastern,82633,2nd,50x38x1 7lb packages huge MOUNTED,37.71
Wyoming Eastern,82633,nextday,50x38x1 7lb packages huge MOUNTED,70.64
New Mexico Western,87301,ground,26x3x3 1lb packages poster,11.51
New Mexico Western,87301,3day,26x3x3 1lb packages poster,13.54
New Mexico Western,87301,2nd,26x3x3 1lb packages poster,14.22
New Mexico Western,87301,nextday,26x3x3 1lb packages poster,28.34
New Mexico Western,87301,ground,36x3x3 3lb packages poster,11.51
New Mexico Western,87301,3day,36x3x3 3lb packages poster,13.91
New Mexico Western,87301,2nd,36x3x3 3lb packages poster,15.62
New Mexico Western,87301,nextday,36x3x3 3lb packages poster,33.42
New Mexico Western,87301,ground,26x27x1 5lb packages small MOUNTED,11.51
New Mexico Western,87301,3day,26x27x1 5lb packages small MOUNTED,16.03
New Mexico Western,87301,2nd,26x27x1 5lb packages small MOUNTED,19.51
New Mexico Western,87301,nextday,26x27x1 5lb packages small MOUNTED,35.46
New Mexico Western,87301,ground,50x38x1 7lb packages huge MOUNTED,25.64
New Mexico Western,87301,3day,50x38x1 7lb packages huge MOUNTED,39.37
New Mexico Western,87301,2nd,50x38x1 7lb packages huge MOUNTED,47.88
New Mexico Western,87301,nextday,50x38x1 7lb packages huge MOUNTED,73.38
New Mexico Eastern,88101,ground,26x3x3 1lb packages poster,11.19
New Mexico Eastern,88101,3day,26x3x3 1lb packages poster,13.21
New Mexico Eastern,88101,2nd,26x3x3 1lb packages poster,13.90
New Mexico Eastern,88101,nextday,26x3x3 1lb packages poster,27.26
New Mexico Eastern,88101,ground,36x3x3 3lb packages poster,11.19
New Mexico Eastern,88101,3day,36x3x3 3lb packages poster,13.21
New Mexico Eastern,88101,2nd,36x3x3 3lb packages poster,13.90
New Mexico Eastern,88101,nextday,36x3x3 3lb packages poster,30.90
New Mexico Eastern,88101,ground,26x27x1 5lb packages small MOUNTED,11.19
New Mexico Eastern,88101,3day,26x27x1 5lb packages small MOUNTED,13.21
New Mexico Eastern,88101,2nd,26x27x1 5lb packages small MOUNTED,14.96
New Mexico Eastern,88101,nextday,26x27x1 5lb packages small MOUNTED,33.96
New Mexico Eastern,88101,ground,50x38x1 7lb packages huge MOUNTED,24.93
New Mexico Eastern,88101,3day,50x38x1 7lb packages huge MOUNTED,32.63
New Mexico Eastern,88101,2nd,50x38x1 7lb packages huge MOUNTED,37.39
New Mexico Eastern,88101,nextday,50x38x1 7lb packages huge MOUNTED,70.31
Oregon Eastern,97031,ground,26x3x3 1lb packages poster,11.19
Oregon Eastern,97031,3day,26x3x3 1lb packages poster,13.21
Oregon Eastern,97031,2nd,26x3x3 1lb packages poster,14.82
Oregon Eastern,97031,nextday,26x3x3 1lb packages poster,31.33
Oregon Eastern,97031,ground,36x3x3 3lb packages poster,11.19
Oregon Eastern,97031,3day,36x3x3 3lb packages poster,14.41
Oregon Eastern,97031,2nd,36x3x3 3lb packages poster,16.89
Oregon Eastern,97031,nextday,36x3x3 3lb packages poster,36.16
Oregon Eastern,97031,ground,26x27x1 5lb packages small MOUNTED,11.49
Oregon Eastern,97031,3day,26x27x1 5lb packages small MOUNTED,17.59
Oregon Eastern,97031,2nd,26x27x1 5lb packages small MOUNTED,20.93
Oregon Eastern,97031,nextday,26x27x1 5lb packages small MOUNTED,39.60
Oregon Eastern,97031,ground,50x38x1 7lb packages huge MOUNTED,27.11
Oregon Eastern,97031,3day,50x38x1 7lb packages huge MOUNTED,42.22
Oregon Eastern,97031,2nd,50x38x1 7lb packages huge MOUNTED,50.75
Oregon Eastern,97031,nextday,50x38x1 7lb packages huge MOUNTED,74.41
Oregon Western,97365,ground,26x3x3 1lb packages poster,9.51
Oregon Western,97365,3day,26x3x3 1lb packages poster,11.44
Oregon Western,97365,2nd,26x3x3 1lb packages poster,13.06
Oregon Western,97365,nextday,26x3x3 1lb packages poster,29.56
Oregon Western,97365,ground,36x3x3 3lb packages poster,9.51
Oregon Western,97365,3day,36x3x3 3lb packages poster,12.64
Oregon Western,97365,2nd,36x3x3 3lb packages poster,15.13
Oregon Western,97365,nextday,36x3x3 3lb packages poster,34.40
Oregon Western,97365,ground,26x27x1 5lb packages small MOUNTED,9.81
Oregon Western,97365,3day,26x27x1 5lb packages small MOUNTED,15.83
Oregon Western,97365,2nd,26x27x1 5lb packages small MOUNTED,19.16
Oregon Western,97365,nextday,26x27x1 5lb packages small MOUNTED,37.83
Oregon Western,97365,ground,50x38x1 7lb packages huge MOUNTED,25.45
Oregon Western,97365,3day,50x38x1 7lb packages huge MOUNTED,40.44
Oregon Western,97365,2nd,50x38x1 7lb packages huge MOUNTED,48.97
Oregon Western,97365,nextday,50x38x1 7lb packages huge MOUNTED,72.64
