option_value_id,language_id,option_id,name
23,1,2,Turquoise
23,3,2,Turquoise
24,1,2,Violet
24,3,2,Violet
31,1,1,Medium
31,3,1,Medium
32,1,1,Small
32,3,1,Small
39,1,5,Red
39,3,5,Red
40,1,5,Blue
40,3,5,Blue
41,1,5,Green
41,3,5,Green
42,1,5,Yellow
42,3,5,Yellow
43,1,1,Large
43,3,1,Large
44,1,2,Steel
44,3,2,Steel
45,1,2,Red
45,3,2,Red
46,1,11,S
46,3,11,S
47,1,11,M
47,3,11,M
48,1,11,L
48,3,11,L
49,1,2,Silver
49,3,2,Silver
50,1,2,Light Blue
50,3,2,Light Blue
51,1,2,Green
51,3,2,Green
52,1,2,Gold
52,3,2,Gold
53,1,2,Dark Blue
53,3,2,Dark Blue
54,1,2,Burgundy
54,3,2,Burgundy
55,1,2,Light Green
55,3,2,Light Green
56,1,2,Orange
56,3,2,Orange
57,1,2,Dark Gray
57,3,2,Dark Gray
58,1,2,Yellow
58,3,2,Yellow
59,1,11,XS
59,3,11,XS
60,1,11,XL
60,3,11,XL
61,1,11,XXL
61,3,11,XXL
62,1,13,36x24 
63,1,13,48x24 Poster Only
64,1,13,48x36 
65,1,14,36x24
66,1,14,48x24
67,1,14,48x36
68,1,289,36x24 
69,1,289,48x24
70,1,289,48x36 
71,1,361,YS
72,1,361,YM
73,1,361,YL
74,1,361,XS
75,1,361,S
76,1,361,M
77,1,361,L
78,1,361,XL
79,1,361,2XL
85,1,362,YS
86,1,362,YM
87,1,362,YL
88,1,362,XS
89,1,362,S
90,1,362,M
91,1,362,L
92,1,362,2XL
93,1,484,Pink
94,1,484,Black
95,1,780,Green
96,1,780,Blue
97,1,780,Pink
98,1,780,Purple
99,1,780,Red
100,1,780,Yellow
101,1,813,Boy
102,1,813,Girl
103,1,825,Yes! I've Read Descriptions.
104,1,955,Purple
105,1,955,Pink
106,1,955,Gold
107,1,955,Silver
110,1,955,Maroon
111,1,955,Blue
112,1,955,Red
113,1,955,Green
114,1,955,Purple
115,1,955,Orange
116,1,955,Black
117,1,955,Yellow
118,1,1085,With Lady
119,1,1085,Without Lady
120,1,1135,Vertical
121,1,1135,Horizontal
122,1,955,Turquoise
123,1,955,Gray
124,1,955,White
125,1,1085,Beer
126,1,1085,Wine
127,1,1085,Basketball Throws / Bows
128,1,1085,Hoops / Hells
129,1,1085,Golf Throws / Bows
132,1,1085,Horizontal
133,1,1085,Vertical
134,1,955,Peach
135,1,780,Orange
136,1,1085,With Chains
137,1,1085,Without Chains
138,1,955,Black and Pink
139,1,955,Mint and Coral
140,1,955,Black and Peach
141,1,955,Dark Blue
142,1,1227,Red
143,1,1227,Yellow
144,1,1227,Blue
145,1,1227,Green
146,1,1227,Dark Blue
147,1,1229,test1
148,1,1229,test2
150,1,955,Multicolor
151,1,289,60x24
152,1,289,72x24
153,1,13,60x24 
154,1,13,72x24 
155,1,13,24x18
156,1,1419,Blue
157,1,1419,Pink
159,1,1466,Yes! I've Read Descriptions.
160,1,1466,For us to design it $9.99
161,1,1467,Do it your self 
162,1,1467,For us to design it 
163,1,1476,It;s a boy
164,1,1476,It's a girl
165,1,1477,4 x 6 inches
166,1,1477,5 x 7 inches
171,1,1485,Vertical
172,1,1485,Horizontal
173,1,1505,Football
174,1,1505,Baseball
175,1,1541,4x6 inches
178,1,1639,Replace Text (Is Turning)
179,1,361,Double Shirts
180,1,362,Double Shirt
181,1,1651,Yes 
182,1,1651,"Yes, I Am Aware"
183,1,1484,Gold
184,1,1484,Rose Gold
185,1,1810,White
186,1,1810,Blue
187,1,1810,Red
188,1,1810,Peach
189,1,1810,Orange
190,1,1849,Printed Poster ONLY
191,1,1849,Sturdy Foam Board
192,1,1860,Sturdy Foam board
193,1,1860,Poster Print ONLY
194,1,1930,Do It Yourself Link
195,1,1930,For Us To Design
196,1,1860,Sturdy Foam board for 36 x 24 Size ONLY
197,1,13,36x24 Sturdy on Foam Board Ready to Use
198,1,289,36x24 Sturdy Foam Board Ready to Use
199,1,1935,With Lady
200,1,1935,Without Lady
201,1,13,24x18 Sturdy Foam Board Ready to Use
202,1,289,24x18 Sturdy Foam Board Ready to Use
203,1,289,24x18 
204,1,13,4 x 6 inches
205,1,13,5 x 7 inches
206,1,1849,Printed Poster ONLY
207,1,1849,Sturdy Foam Board
208,1,13,4x6
209,1,13,5x7
210,1,1085,Baseball
211,1,1085,Football
212,1,1983,Chalkboard
213,1,1983,Wooden
214,1,955,Rose Gold
215,1,1484,Pink
216,1,1484,Teal
217,1,1484,Pink with background
218,1,1484,Teal with background
219,1,13,36x24 Sturdy on Foam Board Ready to Use
220,1,289,36x24 Sturdy Foam Board Ready to Use
221,1,1485,Wood
222,1,1485,Pool
226,1,1085,Printed Poster - DIY
227,1,1085,Cut Prop With Sticks
228,1,1085,Face Masks - Strings
229,1,955,Dark Brown
230,1,955,Light Brown
231,1,955,Brown
232,1,2263,Original Drink Image
233,1,2263,Custom 1 Drink Image
234,1,2263,Custom 2 Drink Image
235,1,955,Light Wood
236,1,955,Dark Wood
237,1,2277,Yes
238,1,2277,"Yes, I understand."
239,1,2293,Yes
240,1,2293,"Yes, I understand."
241,1,2294,Yes
242,1,2294,"Yes, I understand."
243,1,13,18 inches
244,1,13,24 inches
245,1,13,30 inches
246,1,13,36 inches
247,1,2298,10000CASS
248,1,2298,1000CLAU
249,1,2298,1000JASP
250,1,2298,1000COPP
251,1,1849,Mounted on Foam Board
253,1,955,Wood
254,1,955,Dark Brown Wood
255,1,955,Light Brown Wood
256,1,955,Grey Wood
257,1,2371,Choose from following options
258,1,2372,Personalize Your Selfie Frame Prop
259,1,2373,Personalize Your Monogram Letter Prop
260,1,2374,Personalize Your Mini House Prop
261,1,2375,A
262,1,2375,B
263,1,2375,C
264,1,2375,D
265,1,2375,E
266,1,2375,F
267,1,2375,G
268,1,2375,H
269,1,2375,I
270,1,2375,J
271,1,2375,K
272,1,2375,L
273,1,2375,M
274,1,2375,N
275,1,2375,O
276,1,2375,P
277,1,2375,Q
278,1,2375,R
279,1,2375,S
280,1,2375,T
281,1,2375,U
282,1,2375,V
283,1,2375,W
284,1,2375,X
285,1,2375,Y
286,1,2375,Z
287,1,2382,Printed Poster ONLY
288,1,2382,Sturdy Foam Board
289,1,2383,36x24
290,1,2383,24x18
291,1,2384,Horizontal
292,1,2384,Vertical
293,1,2382,Mounted on Foam Board
294,1,2387,Horizontal
295,1,2387,Vertical
296,1,2391,Printed Poster ONLY
297,1,2391,Mounted on Foam Board
298,1,2396,Send me a proof before shipping.
299,1,2396,I do not need to see proof.
300,1,2416,Yes
301,1,2417,Yes
302,1,2416,No
303,1,2417,No
304,1,2490,Boy
305,1,2490,Girl
306,1,2491,Boy
307,1,2491,Girl
308,1,2492,Black PVC
309,1,2492,White PVC
310,1,2492,Silver Brushed Aluminum 
311,1,2492,Gold Brushed Aluminum 
312,1,289,36x24 Sturdy Foam Board (Rectangle Cut only) Ready to Use
313,1,289,48x36 Sturdy Foam Board (Rectangle Cut only) Ready to Use
316,1,13,36x24 Sturdy on Foam Board (Rectangle Cut only) Ready to Use
317,1,13,48x36 Sturdy on Foam Board (Rectangle Cut only) Ready to Use
319,1,13,48x36 Sturdy on Foam Board Ready to Use
320,1,13,48x36 Sturdy on Foam Board Ready to Use
321,1,289,48x36 Sturdy on Foam Board Ready to Use
322,1,13,36x24 
323,1,13,48x36 
324,1,13,36x24 Poster Only
325,1,13,48x36 Poster Only
326,1,955,Teal
327,1,955,Pink with background
328,1,955,Teal with background
329,1,13,"36x24 Mounted, Cut and Ready to Use"
330,1,2528,Daddy
331,1,2528,Mommy
332,1,2528,Mary
333,1,2528,Sam
334,1,13,"48x36 Mounted, Cut and Ready To Use"
335,1,2581,Black
336,1,2582,Teal
337,1,2583,Black
338,1,2583,Teal
339,1,2641,"Yes, I will email you one."
340,1,2641,"No, Please remove image."
341,1,2655,Daddy
342,1,2655,Khristen
343,1,2655,Mommy
344,1,2655,James
345,1,2656,Daddy
346,1,2656,James
347,1,2656,Mommy
348,1,2656,Khristen
349,1,2659,30
350,1,2659,36
351,1,2659,42
352,1,2659,48
353,1,2660,PVC BLACK Foam Board
354,1,2660,PVC WHITE Foam Board
355,1,2660,SILVER Aluminum Foam Board
356,1,2660,GOLD Aluminum Foam Board
357,1,2660,Mirror Acrylic BLUE
358,1,2660,Mirror Acrylic SILVER
359,1,2660,Mirror Acrylic GOLD
360,1,2660,Mirror Acrylic ROSE GOLD
361,1,2662,Holographic Silver
362,1,2662,Holographic Gold
363,1,2662,Neon Green
364,1,2662,Neon Pink
365,1,2662,Silver
366,1,2663,"Yes, I will email you one."
367,1,2663,"Yes, I Understand"
368,1,2664,"Yes, I will email you one."
369,1,2664,"Yes, I Understand"
370,1,955,White - Matt Finish
371,1,955,Black - Matt Finish
372,1,955,Clear - Transparent
373,1,2688,Yes
374,1,2688,"Yes, I understand."
375,1,1227,Black
376,1,1227,Teal
377,1,955,Neon Green
378,1,955,Holographic Gold
379,1,955,Holographic Silver
380,1,955,Neon Pink
381,1,2693,Yes
382,1,2693,"Yes, I understand."
383,1,2694,Yes
384,1,2694,"Yes, I understand."
385,1,1085,Pool
386,1,1085,Wood
387,1,1849,Chalkboard
388,1,1849,Wooden
389,1,2700,24x24
390,1,2700,36x36
391,1,2701,24&quot;
392,1,2701,36&quot;
393,1,2702,Black
394,1,2702,Navy Blue
395,1,2704,Gold
396,1,2704,Silver
397,1,2705,Gold
398,1,2705,Silver
399,1,2706,Gold
400,1,2706,Silver
401,1,2383,23.5 x 22.5
402,1,955,Burgundy
403,1,955,Navy Blue
404,1,13,24x18 3/8&quot; PVC Weatherproof
405,1,13,36x24 3/8&quot; PVC Weatherproof
406,1,2383,34.5x18 
407,1,2383,46x27.5 
408,1,2383,34.5x20.5 
409,1,2383,47x28 
410,1,2767,Mirror Acrylic Gold 31x23.5 Inches
411,1,2767,Pvc Black Sintra Board 45x33 Inches
412,1,2767,Pvc Black Sintra Board 31x23.5 Inches
413,1,2767,Pvc White Sintra Board 45x33 Inches
414,1,2767,Pvc White Sintra Board 31x23.5 Inches
415,1,2383,31x23.5 
416,1,2383,45x33 
417,1,2767,Mirror Acrylic Gold 45x33 Inches
418,1,2767,Mirror Acrylic Rose Gold 31x23.5 Inches
419,1,2767,Mirror Acrylic Rose Gold 45x33 Inches
420,1,2767,Mirror Acrylic Silver 31x23.5 Inches
421,1,2767,Mirror Acrylic Silver 45x33 Inches
422,1,2767,Mirror Acrylic Blue 31x23.5 Inches
423,1,2767,Mirror Acrylic Blue 45x33 Inches
424,1,955,Wood
425,1,13,24x18 Poster Only
435,1,2701,11x8.5 Photo Poster Only
436,1,2701,24x18 Photo Poster Only
437,1,2701,36x24 Photo Poster Only
438,1,2701,48x36 Photo Poster Only
439,1,2701,11x8.5 Self Adhesive Poster
440,1,2701,24x18 Self Adhesive Poster
441,1,2701,36x24 Self Adhesive Poster
442,1,2701,11x8.5 Sturdy Foam Board
443,1,2701,24x18 Sturdy Foam Board
444,1,2701,36x24 Sturdy Foam Board
445,1,2701,48x24 Sturdy Foam Board
446,1,2701,36x24 Sturdy Foam Board
447,1,2701,48x36 Sturdy Foam Board
448,1,1477,34x13 Foam Board Indoor Only
449,1,1477,34x13 3/18&quot; PVC Weatherproof
450,1,1477,45x16.5 Foam Board Indoor Only
469,1,1477,12 x 12 Inches
470,1,1477,24 x 12 Inches
471,1,1477,24 x 24 Inches
472,1,1477,36 x 12 Inches
473,1,1477,36 x 24 Inches
474,1,1477,36 x 36 Inches
475,1,1477,48 x 12 Inches
476,1,1477,48 x 24 Inches
477,1,1477,48 x 36 Inches
478,1,1477,12 x 12 Inches (Round Corners)
479,1,1477,24 x 12 Inches (Round Corners)
480,1,1477,36 x 12 Inches (Round Corners)
481,1,1477,48 x12 Inches (Round Corners)
482,1,1477,24 x 24 Inches (Round Corners)
483,1,1477,36 x 24 Inches (Round Corners)
484,1,1477,48 x 24 Inches (Round Corners)
485,1,1477,36 x 36 Inches (Round Corners)
486,1,1477,48 x 36 Inches (Round Corners)
487,1,1477,48 x 67 Inches (Round Corners)
488,1,1477,48 x 67 Inches
489,1,2383,31.5&quot;W x 19.7&quot;H (80W x 50H cm)
490,1,2383,29.5&quot;W x 23.6&quot;H (75W x 60H cm)
491,1,2383,39.4&quot;W x 22.8&quot;H (100W x 58H cm)
492,1,2383,39.4&quot;W x 31.5&quot;H (100W x 80H cm)
493,1,2383,120 x 90 cm 
494,1,2383,140 x 90 cm
495,1,1477,30 x 21 Inches
496,1,1477,30 x 26 Inches
497,1,2383,30 W x 21 H in
498,1,2383,30 W x 26 H in
499,1,2383,43.5 x 80 cm
500,1,2383,38 x 80 cm
501,1,2383,43&quot; x 36&quot;
502,1,2383,33&quot; x 36&quot;
503,1,2383,31.5&quot;W x 31.5&quot;H (80W x 80H cm)
504,1,2383,35.4&quot;W x31.5&quot;H (90W x 80H cm)
505,1,2383,80 x 50 cm CUSTOM
506,1,2383,24&quot;W x42H&quot; (61W x 106H cm)
507,1,1606,yes 
508,1,1606,"yes, I understand "
509,1,17,Yes
510,1,17,"Yes, I understand"
511,1,2383,23.6&quot;W x 23.6&quot;H (60W x 60H cm)
512,1,2383,31.5&quot;W x 23.6&quot;H (80Wx 60H cm)
513,1,2383,47.2&quot;W x 31.5&quot;H (120W x 80H cm)
514,1,2383,47.2&quot;W x 23.6&quot;H (120W x 60H cm)
515,1,2809,23.6&quot;W x 23.6&quot;H (60W x 60H cm)
516,1,2809,24&quot;W x 42&quot;H (61W x 106H cm)
517,1,2809,29.5&quot;W x 23.6&quot;H (75W x 60H cm) 
518,1,2809,31.5&quot;W x 19.7&quot;H (80W x 50H cm)
519,1,2809,31.5&quot;W x 23.6&quot;H (80Wx 60H cm)
520,1,2809,31.5&quot;W x 23.6&quot;H (80Wx 60H cm)
521,1,2809,35.4&quot;W x 31.5&quot;H (90W x 80Hcm)
522,1,2809,39.4&quot;W x 22.8&quot;H (100W x 58H cm)
523,1,2809,39.4&quot;W x 31.5&quot;H (100W x 80H cm)
524,1,2809,47.2&quot;W x 23.6&quot;H (120Wx60Hcm)
525,1,2809,47.2&quot;W x 31.5&quot;H (120Wx80Hcm)
526,1,2809,47.2&quot;W x 35.4&quot;H
527,1,2810,12x24 Inches
528,1,2810,12x36 Inches
529,1,2810,16x16 Inches
530,1,2810,17x22 Inches
531,1,2810,17x38 Inches
532,1,2810,17x53 Inches
533,1,2810,17x66 Inches
534,1,2810,18x24 Inches
535,1,2810,18x36 Inches
536,1,2810,18x48 Inches
537,1,2810,18x60 Inches
538,1,2810,18x72 Inches
539,1,2810,19x43 Inches
540,1,2810,19x52 Inches
541,1,2810,19x63 Inches
542,1,2810,20x20 Inches
543,1,2810,20x36 Inches
544,1,2810,20x42 Inches
545,1,2810,20x48 Inches
546,1,2810,20x60 Inches
547,1,2810,20x72 Inches
548,1,2810,23x47 Inches
549,1,2810,24x24 Inches
550,1,2810,24x36 Inches
551,1,2810,24x48 Inches
552,1,2810,24x50 Inches
553,1,2810,24x56 Inches
554,1,2810,24x60 Inches
555,1,2810,24x72 Inches
556,1,2810,24x84 Inches
557,1,2810,24x96 Inches
558,1,2810,27.6x48 Inches
559,1,2810,27.6x51.2 Inches
560,1,2810,27.6x55.1 Inches
561,1,2810,27.6x60 Inches
562,1,2810,27.6x72 Inches
563,1,2810,29x59 Inches
564,1,2810,30x30 Inches
565,1,2810,30x48 Inches
566,1,2810,30x60 Inches
567,1,2810,30x72 Inches
568,1,2810,30x90 Inches
569,1,2810,33.5x55.1 Inches
570,1,2810,35.4x59 Inches
571,1,2810,35.4x63 Inches
572,1,2810,35.4x70.9 Inches
573,1,2810,36x36 Inches
574,1,2810,36x48 Inches
575,1,2810,36x54 Inches
576,1,2810,36x60 Inches
577,1,2810,36x72 Inches
578,1,2810,36x78 Inches
579,1,2810,36x84 Inches
580,1,2810,36x96 Inches
581,1,2810,39.4x63 Inches
582,1,2810,39.4x70.9 Inches
583,1,2810,39.4x78.7 Inches
584,1,2810,40x40 Inches
585,1,2810,40x60 Inches
586,1,2810,40x72 Inches
587,1,2810,40x78 Inches
588,1,2810,40x80 Inches
589,1,2810,42x42 Inches
590,1,2810,42x60 Inches
591,1,2810,42x64 Inches
592,1,2810,42x66 Inches
593,1,2810,42x72 Inches
594,1,2810,42x78 Inches
595,1,2810,42x84 Inches
596,1,2810,42x92 Inches
597,1,2810,42x96 Inches
598,1,2810,44x72 Inches
599,1,2810,44x78 Inches
600,1,2810,44x84 Inches
601,1,2810,44x90 Inches
602,1,2810,44x96 Inches
603,1,2810,45x45 Inches
604,1,2810,46x46 Inches
605,1,2810,48x48 Inches
606,1,2810,48x72 Inches
607,1,2810,48x80 Inches
608,1,2810,48x90 Inches
609,1,2810,48x96 Inches
610,1,2811,2 Qty 6 Inch Diameter
611,1,2811,2 Qty 7 Inch Diameter
612,1,2811,2 Qty 8 Inch Diameter
613,1,2811,2 Qty 9 Inch Diameter
614,1,2811,2 Qty 10 Inch Diameter
615,1,2811,11 Inch Diameter
616,1,2811,12 Inch Diameter
617,1,2811,13 Inch Diameter
618,1,2811,14 Inch Diameter
619,1,2811,15 Inch Diameter
620,1,2811,16 Inch Diameter
621,1,2811,17 Inch Diameter
622,1,2811,18 Inch Diameter
623,1,2811,19 Inch Diameter
624,1,2811,20 Inch Diameter
625,1,2811,21 Inch Diameter
626,1,2811,22 Inch Diameter
627,1,2811,23 Inch Diameter
628,1,2811,24 Inch Diameter
629,1,2811,25 Inch Diameter
630,1,2811,26 Inch Diameter
631,1,2811,27 Inch Diameter
632,1,2811,28 Inch Diameter
633,1,2811,29 Inch Diameter
634,1,2811,30 Inch Diameter
635,1,2811,31 Inch Diameter
636,1,2811,32 Inch Diameter
637,1,2811,33 Inch Diameter
638,1,2811,34 Inch Diameter
639,1,2811,35 Inch Diameter
640,1,2811,36 Inch Diameter
641,1,2811,37 Inch Diameter
642,1,2811,38 Inch Diameter
643,1,2811,39 Inch Diameter
644,1,2811,40 Inch Diameter
645,1,2811,41 Inch Diameter
646,1,2811,42 Inch Diameter
647,1,2811,43 Inch Diameter
648,1,2811,44 Inch Diameter
649,1,2811,45 Inch Diameter
650,1,2811,46 Inch Diameter
651,1,2811,47 Inch Diameter
652,1,2811,48 Inch Diameter
653,1,2812,RC High Gloss Photo Paper 180gsm - 24in x 100feet
654,1,2812,RC High Gloss Photo Paper 180gsm -  36in x 100feet
655,1,2812,RC Fine Satin Photo Paper 260gsm - 36in x 100feet
656,1,2813,28 x 18 Inches
657,1,2813,36 x 20 Inches
658,1,2813,47 x 23 Inches
659,1,2813,47 x 35 Inches
660,1,2383,30&quot;W x 24&quot;H (POS - 76W x 61H cm)
661,1,13,34.5x18
662,1,13,46x27.5
663,1,13,34.5x20.5
664,1,13,47x28
665,1,2815,36x24 Poster Only
666,1,13,24x24
667,1,13,36x36
668,1,1227,Navy Blue
669,1,2659,31.5&quot;W x 31.5&quot;L x 23.5&quot;H - 4 Persons
670,1,2659,47.5&quot;W x 47.5&quot;L x 23.5&quot;H - 4 Persons
671,1,2659,47.5&quot;W x 31.5&quot;L x 23.5&quot;H - 4 Persons
672,1,13,24&quot; - Printed &amp; cut poster
673,1,13,36&quot; - Printed &amp; cut poster
674,1,13,24&quot; - Sturdy Foam Board
675,1,13,36&quot; - Sturdy Foam Board
676,1,2659,63&quot;W x 31.5&quot;L x 23.5&quot;H - 4 Persons
677,1,2820,With Opening
678,1,2820,Without Opening
679,1,2659,47.5&quot;W x 18&quot;L x 24&quot;H
680,1,2659,47.5&quot;W x 18&quot;L x 35&quot;H
681,1,2659,24&quot;W x 16&quot;H (Includes 2 clamps)
682,1,2659,32&quot;W x 16&quot;H (Includes 2 clamps)
683,1,2659,48&quot;W x 16&quot;H (Includes 2 clamps)
684,1,2659,24&quot;W x 24&quot;H (Includes 2 clamps)
685,1,2659,32&quot;W x 24&quot;H (Includes 2 clamps)
686,1,2659,48&quot;W x 24&quot;H (Includes 3 clamps)
687,1,2659,36&quot;W x 24&quot;H (Includes 2 clamps)
688,1,2659,60&quot;W x 30&quot;L x 24&quot;H - 6 Persons
689,1,2659,72&quot;W x 30&quot;L x 24&quot;H - 6 Persons
690,1,2659,63&quot;W x 31.5&quot;L x 23.5&quot;H - 6 Persons
691,1,2659,60&quot;W x 31.5&quot;L x 23.5&quot;H - 6 Persons
692,1,2659,72&quot;W x 31.5&quot;L x 23.5&quot;H - 6 Persons
693,1,1810,Blue Flowers
694,1,1810,Pink Flowers
695,1,955,France Colors
696,1,2383,60&quot;W x 24&quot;H (152.5W x 61H cm)
697,1,2821,Rectangle Edges
698,1,2821,Square Edges
709,1,2822,4 x 6 Inches
710,1,2822,5 x 7 Inches
711,1,2822,6 x 9 Inches
712,1,2822,8 x 10 Inches
713,1,2822,8.5 x 11 Inches
714,1,2822,12 x 12 Inches
715,1,2822,11 x 17 Inches
716,1,2822,24 x 12 Inches
717,1,2822,24 x 14 Inches
718,1,2822,24 x 16 Inches
719,1,2822,24 x 24 Inches
720,1,2822,36 x 12 Inches
721,1,2823,4 x 6 Inches
722,1,2823,5 x 7 Inches
723,1,2823,6 x 9 Inches
724,1,2823,8 x 10 Inches
725,1,2823,8.5 x 11 Inches
726,1,2823,12 x 12 Inches
727,1,2823,11 x 17 Inches
728,1,2823,24 x 12 Inches
729,1,2823,24 x 14 Inches
730,1,2823,24 x 16 Inches
731,1,2823,24 x 24 Inches
732,1,2823,36 x 12 Inches
733,1,2811,6 Inch Diameter
734,1,2811,7 Inch Diameter
735,1,2811,8 Inch Diameter
736,1,2811,9 Inch Diameter
737,1,2811,10 Inch Diameter
738,1,2824,Sharp Corner
739,1,2824,Round Corner R=1&quot;
740,1,2824,Round Corner R=0.1&quot;
741,1,2823,2 QTY 4 x 6 Inches
742,1,2823,2 QTY 5 x 7 Inches 
743,1,2823,2 QTY 8 x 10 Inches
744,1,2823,2 QTY 8.5 x 11 Inches 
745,1,2383,35.5&quot; x12&quot; Sturdy Foam Board
746,1,2383,47&quot; x 16&quot; Sturdy Foam Board
747,1,1810,Gold
748,1,1810,Cobalt Blue
749,1,2823,20 x 10 Inches
750,1,2836,Silver
751,1,2836,Cobalt Blue
752,1,2836,Gold
753,1,2837,2 Qty -6&quot; Diameter - Silver
754,1,2837,2 Qty -7&quot; Diameter - Silver
755,1,2837,2 Qty -8&quot; Diameter - Silver
756,1,2837,9 inches Diameter - Silver
757,1,2837,10 inches Diameter - Silver
758,1,2837,11 inches Diameter - Silver
759,1,2837,12 inches Diameter - Silver
760,1,2837,13 inches Diameter - Silver
761,1,2837,14 inches Diameter - Silver
762,1,2837,15 inches Diameter - Silver
763,1,2837,16 inches Diameter - Silver
764,1,2837,17 inches Diameter - Silver
765,1,2837,18 inches Diameter - Silver
766,1,2837,19 inches Diameter - Silver
767,1,2837,20 inches Diameter - Silver
768,1,2837,21 inches Diameter - Silver
769,1,2837,22 inches Diameter - Silver
770,1,2837,23 inches Diameter - Silver
771,1,2837,24 inches Diameter - Silver
772,1,2837,25 inches Diameter - Silver
773,1,2837,26 inches Diameter - Silver
774,1,2837,27 inches Diameter - Silver
775,1,2837,28 inches Diameter - Silver
776,1,2837,29 inches Diameter - Silver
777,1,2837,30 inches Diameter - Silver
778,1,2837,2 Qty -6&quot; Diameter - Cobalt Blue
779,1,2837,2 Qty -7&quot; Diameter - Cobalt Blue
780,1,2837,2 Qty -8&quot; Diameter - Cobalt Blue
781,1,2837,9 inches Diameter - Cobalt Blue
782,1,2837,10 inches Diameter - Cobalt Blue
783,1,2837,11 inches Diameter - Cobalt Blue
784,1,2837,12 inches Diameter - Cobalt Blue
785,1,2837,13 inches Diameter - Cobalt Blue
786,1,2837,14 inches Diameter - Cobalt Blue
787,1,2837,15 inches Diameter - Cobalt Blue
788,1,2837,16 inches Diameter - Cobalt Blue
789,1,2837,17 inches Diameter - Cobalt Blue
790,1,2837,18 inches Diameter - Cobalt Blue
791,1,2837,19 inches Diameter - Cobalt Blue
792,1,2837,20 inches Diameter - Cobalt Blue
793,1,2837,21 inches Diameter - Cobalt Blue
794,1,2837,22 inches Diameter - Cobalt Blue
795,1,2837,23 inches Diameter - Cobalt Blue
796,1,2837,24 inches Diameter - Cobalt Blue
797,1,2837,25 inches Diameter - Cobalt Blue
798,1,2837,26 inches Diameter - Cobalt Blue
799,1,2837,27 inches Diameter - Cobalt Blue
800,1,2837,28 inches Diameter - Cobalt Blue
801,1,2837,29 inches Diameter - Cobalt Blue
802,1,2837,30 inches Diameter - Cobalt Blue
803,1,2837,2 Qty -6&quot; Diameter - Gold
804,1,2837,2 Qty -7&quot; Diameter - Gold
805,1,2837,2 Qty -8&quot; Diameter - Gold
806,1,2837,9 inches Diameter - Gold
807,1,2837,10 inches Diameter - Gold
808,1,2837,11 inches Diameter - Gold
809,1,2837,12 inches Diameter - Gold
811,1,2837,13 inches Diameter - Gold
812,1,2837,14 inches Diameter - Gold
813,1,2837,15 inches Diameter - Gold
814,1,2837,16 inches Diameter - Gold
815,1,2837,17 inches Diameter - Gold
816,1,2837,18 inches Diameter - Gold
817,1,2837,19 inches Diameter - Gold
818,1,2837,20 inches Diameter - Gold
819,1,2837,21 inches Diameter - Gold
820,1,2837,22 inches Diameter - Gold
821,1,2837,23 inches Diameter - Gold
822,1,2837,24 inches Diameter - Gold
823,1,2837,25 inches Diameter - Gold
824,1,2837,26 inches Diameter - Gold
825,1,2837,27 inches Diameter - Gold
826,1,2837,28 inches Diameter - Gold
827,1,2837,29 inches Diameter - Gold
828,1,2837,30 inches Diameter - Gold
829,1,2838,Pack 5 Qty - 5 x 7 Inches - Silver
830,1,2838,Pack 5 Qty - 6 x 9 Inches - Silver
831,1,2838,Pack 5 Qty - 8 x 10 Inches - Silver
832,1,2838,2 QTY 8.5 x 11 Inches - Silver
833,1,2838,12 x 12 Inches - Silver
834,1,2838,15 x 15 Inches - Silver
835,1,2838,20 x 10 Inches - Silver
836,1,2838,24 x 12 Inches - Silver
837,1,2838,24 x 16 Inches - Silver
838,1,2838,24 x 24 Inches - Silver
839,1,2838,36 x 12 Inches - Silver 
840,1,2838,Pack 5 Qty - 5 x 7 Inches - Cobalt Blue
841,1,2838,Pack 5 Qty - 6 x 9 Inches - Cobalt Blue
842,1,2838,Pack 5 Qty - 8 x 10 Inches - Cobalt Blue 
843,1,2838,2 QTY 8.5 x 11 Inches - Cobalt Blue 
844,1,2838,12 x 12 Inches - Cobalt Blue
845,1,2838,15 x 15 Inches - Cobalt Blue
846,1,2838,20 x 10 Inches - Cobalt Blue
847,1,2838,24 x 12 Inches - Cobalt Blue
848,1,2838,24 x 16 Inches - Cobalt Blue
849,1,2838,24 x 24 Inches - Cobalt Blue
850,1,2838,36 x 12 Inches - Cobalt Blue
851,1,2838,Pack 5 Qty - 5 x 7 Inches - Gold
852,1,2838,Pack 5 Qty - 6 x 9 Inches - Gold
853,1,2838,Pack 5 Qty - 8 x 10 Inches - Gold
854,1,2838,2 QTY 8.5 x 11 Inches - Gold
855,1,2838,12 x 12 Inches - Gold
856,1,2838,15 x 15 Inches - Gold
857,1,2838,20 x 10 Inches - Gold
858,1,2838,24 x 12 Inches - Gold
859,1,2838,24 x 16 Inches - Gold
860,1,2838,24 x 24 Inches - Gold
861,1,2838,36 x 12 Inches - Gold
862,1,2383,35.5&quot; x 9.5&quot; Sturdy Foam Board
863,1,2383,47&quot; x 12.5&quot; Sturdy Foam Board
864,1,2842,10 x 3.6 Inches - Pill
865,1,2842,10 x 5.8 Inches - Cloud 
866,1,2842,10 x 8.85 Inches - Heart
867,1,2842,10 x 9.15 Inches - Hexagon
868,1,2842,10 x 9.55 Inches - Star
869,1,2842,10 x 10 Inches - Moon
870,1,2842,20 x 7.3 Inches - Pill
871,1,2842,20 x 11.6 Inches - Cloud 
872,1,2842,20 x 17.7 Inches - Heart
873,1,2842,20 x 18.3 Inches - Hexagon
874,1,2842,20 x 19.1 Inches - Star
875,1,2842,20 x 20 Inches - Moon
876,1,2842,30 x 11 Inches - Pill
877,1,2842,30 x 17.5 Inches - Cloud
878,1,2842,30 x 26.55 Inches - Heart
879,1,2842,30 x 30 Inches - Moon
880,1,2706,Cobalt Blue
881,1,2701,45.7 x16 Sturdy Foam Board
882,1,2701,32.5 x 11.5 Sturdy Foam Board
883,1,2701,22.5 x 8 Sturdy Foam Board
884,1,2823,22.5 x 8 Sturdy Foam Board
885,1,2823,32.5 x 11.5 Sturdy Foam Board
886,1,2823,45.7 x16 Sturdy Foam Board
887,1,2823,20.5 x 8.5 Sturdy Foam Board
888,1,2823,32.8 x 13.8 Sturdy Foam Board
889,1,2823,45.5 x 19 Sturdy Foam Board
890,1,2823,21.8 x 9 Sturdy Foam Board
891,1,2823,32.5 x 13.5 Sturdy Foam Board
892,1,2823,45.5 x 18.8 Sturdy Foam Board
893,1,2823,23 x 13 Sturdy Foam Board
894,1,2823,33.5 x 15.5 Sturdy Foam Board
895,1,2823,45.8 x 21.5 Sturdy Foam Board
896,1,2823,20.5 x 8 Foam Board Indoor Only
897,1,2823,32.6 x 12.8 Foam Board Indoor Only
898,1,2823,45.5 x 18 Foam Board Indoor Only
899,1,2823,22 x 9.5 Foam Board Indoor Only
900,1,2823,33.5 x 15.7 Foam Board Indoor Only
901,1,2823,45.8 x 17 Foam Board Indoor Only
902,1,2823,32.5 x 13 Foam Board Indoor 
903,1,2823,10.5 x 22 Foam Board Indoor Only
904,1,2823,34 x 16 Foam Board Indoor Only
905,1,2823,45.5 x 22 Foam Board Indoor Only
906,1,2823,23 x 9.5 Foam Board Indoor 
907,1,2823,34 x 14 Foam Board Indoor 
908,1,2823,45.5 x 19 Foam Board Indoor 
909,1,2860,Gold
910,1,2860,Silver
911,1,2860,Black
912,1,2860,Light Wood
913,1,2860,Dark Wood 
914,1,2861,23&quot; x 11&quot; Sturdy Foam Board
915,1,2861,35&quot; x 17&quot; Sturdy Foam Board
916,1,2861,46.5&quot; x 23&quot; Sturdy Foam Board
917,1,2864,24&quot;W x 24&quot;H
918,1,2864,24&quot;W x 42&quot;H
919,1,2864,30&quot;W x 24&quot;H
920,1,2864,POS - 30&quot;W x 24&quot;H
921,1,2864,32&quot;W x 20&quot;H
922,1,2864,32&quot;W x 24&quot;H
923,1,2864,32&quot;W x 32&quot;H
924,1,2864,36&quot;W x 32&quot;H
925,1,2864,40&quot;W x 32&quot;H
926,1,2864,48&quot;W x 24&quot;H
927,1,2864,48&quot;W x 32&quot;H
928,1,2864,60&quot;W x 24&quot;H
929,1,1477,24 x 36 Inhces
930,1,1477,24 x 48 Inches
931,1,2865,Size S 
932,1,2865,Size M 
933,1,2865,Size L
934,1,2866,Gold
935,1,2866,Silver
936,1,2866,Light Wood
937,1,2866,Dark Wood
938,1,2866,Black
939,1,2889,22 x 17 Inches - With Cutout At Center
940,1,2889,22 x 17 Inches - Without Cutout At Center
941,1,2889,29.5 x 23 - With Cutout At Center
942,1,2889,29.5 x 23 - Without Cutout At Center
943,1,2890,Gold
944,1,2890,Silver
945,1,2911,24x18 Poster Only
946,1,2911,24x18 Sturdy Foam Board Ready to Use
947,1,2911,36x24 Poster Only
948,1,2911,36x24 Sturdy Foam Board Ready to Use
949,1,2911,48x36 Poster Only
950,1,2911,48x36 Sturdy Foam Board Ready to Use
951,1,2945,Gold
952,1,2945,Outdoor Wood
953,1,2945,Rose Gold
954,1,2945,Silver
955,1,2945,Wood
956,1,2946,Size S - Sturdy Foam Board
957,1,2946,Size M - Sturdy Foam Board
958,1,2946,Size L - Sturdy Foam Board
959,1,2945,Copper
960,1,2950,30&quot; W x 82' L
961,1,2950,48.4&quot; W x 49' L
962,1,2950,60.6&quot; W x 49' L
963,1,2951,Clear
964,1,2951,Frosted
965,1,2836,Blue
966,1,2952,36 x 24 Inch
967,1,2952,48 x 32 Inch
968,1,2954,Size S - Sturdy Foam Board
969,1,2954,Size L - Sturdy Foam Board
970,1,2955,"Yes, I understand."
971,1,2955,Yes
