category_id,image,parent_id,top,column,sort_order,status,date_added,date_mofidied,is_compress
178,catalog/00BirthdayIcons/17 pets.jpg,283,0,1,10,1,12/11/2017 4:42,1/12/2021 16:28,1
179,catalog/speedyCategory/specialItems - Copy.jpg,0,0,1,12,1,12/11/2017 4:43,1/16/2018 6:21,1
180,catalog/speedyCategory/birthdayBanners.jpg,0,0,1,1,1,12/11/2017 4:43,1/12/2021 12:51,1
200,catalog/speedyCategory/graduationBanners.jpg,0,0,1,9,1,12/11/2017 5:00,1/12/2021 13:02,1
201,catalog/002icons/MILITARY.jpg,299,0,1,7,1,12/11/2017 5:01,1/12/2021 13:49,1
202,catalog/speedyCategory/selfiesFrames - Copy.jpg,0,0,1,5,1,12/11/2017 5:01,6/5/2020 17:00,1
203,catalog/homepage sliders/website banner 22(Holiday cutouts).jpg,202,0,1,0,1,12/11/2017 5:02,6/5/2020 17:04,1
204,catalog/homepage sliders/website banner 24(Baby shower Selfie Frame).jpg,202,0,1,0,1,12/11/2017 5:02,2/26/2018 16:12,1
205,catalog/homepage sliders/website banner 21(party frames).jpg,202,1,1,0,1,12/11/2017 5:02,2/26/2018 16:07,1
206,catalog/homepage sliders/website banner 19 (Social Media frames).jpg,202,0,1,0,1,12/11/2017 5:03,1/12/2021 17:42,1
207,catalog/homepage sliders/website banner 23(Wedding Photobooth).jpg,202,0,1,0,1,12/11/2017 5:05,2/26/2018 16:13,1
208,,0,0,1,3,1,12/11/2017 5:06,1/12/2021 13:28,1
209,catalog/speedyCategory/babyShower.jpg,0,0,1,2,1,12/11/2017 5:06,1/12/2021 12:50,1
211,,0,0,1,6,1,12/11/2017 5:08,1/12/2021 13:21,0
212,catalog/speedyCategory/wallArtDecore.jpg,0,0,1,13,1,12/11/2017 5:08,1/12/2021 19:39,1
215,catalog/00BirthdayIcons/10 emoji.jpg,283,0,1,0,1,12/11/2017 11:11,1/12/2021 16:27,1
216,catalog/00BirthdayIcons/16 gaming.jpg,283,0,1,0,1,12/11/2017 11:12,1/12/2021 16:37,1
217,catalog/00BirthdayIcons/3 animals.jpg,283,0,1,0,1,12/11/2017 11:13,1/12/2021 16:14,1
218,catalog/00BirthdayIcons/5 cartoon superhero.jpg,283,0,1,0,1,12/11/2017 11:13,1/12/2021 16:17,1
219,catalog/00BirthdayIcons/11 Fairytale Birthday Theme.jpg,283,0,1,0,1,12/11/2017 11:14,1/12/2021 16:28,1
220,catalog/00BirthdayIcons/8 Cutesy Food Banners.jpg,283,0,1,0,1,12/11/2017 11:15,1/12/2021 16:21,1
221,catalog/00BirthdayIcons/12 sports and racing.jpg,283,0,1,0,1,12/11/2017 11:17,1/12/2021 16:31,1
222,catalog/00BirthdayIcons/2 international.jpg,283,0,1,0,1,12/11/2017 11:18,1/12/2021 16:02,1
223,catalog/00BirthdayIcons/1 add photo.jpg,283,0,1,0,1,12/11/2017 11:19,1/12/2021 15:55,1
225,catalog/00BirthdayIcons/13 sweet 16.jpg,283,0,1,0,1,12/11/2017 11:20,1/12/2021 16:35,1
226,catalog/00BirthdayIcons/4 birthday age.jpg,283,0,1,0,1,12/11/2017 11:20,1/12/2021 16:14,1
227,catalog/00BirthdayIcons/4 10 birthday age.jpg,226,0,1,0,1,12/11/2017 11:21,1/12/2021 16:15,1
228,catalog/00BirthdayIcons/4 4 birthday age.jpg,226,0,1,0,1,12/11/2017 11:22,1/12/2021 16:16,1
229,catalog/00BirthdayIcons/4 3 birthday age.jpg,226,0,1,0,1,12/11/2017 11:22,1/12/2021 16:16,1
230,catalog/00BirthdayIcons/4 2 birthday age.jpg,226,0,1,0,1,12/11/2017 11:23,1/12/2021 16:16,1
231,catalog/00BirthdayIcons/4 1 birthday age.jpg,226,0,1,0,1,12/11/2017 11:23,1/12/2021 16:15,1
232,catalog/00BirthdayIcons/15 unique collection.jpg,283,0,1,0,1,12/11/2017 13:54,1/12/2021 16:36,1
235,catalog/speedyCategory/calendars.jpg,0,0,1,0,1,12/11/2017 15:24,3/14/2019 16:34,1
238,,0,0,1,0,1,1/11/2018 11:38,1/16/2018 6:29,0
241,,179,0,1,0,1,1/16/2018 6:14,1/16/2018 6:14,0
242,,0,0,1,0,1,1/16/2018 15:59,2/6/2019 21:07,0
243,,0,0,1,0,1,1/17/2018 17:27,2/6/2019 21:05,0
244,,0,0,1,0,1,1/18/2018 12:14,2/6/2019 21:15,0
246,catalog/002icons/INDEPENDENCE DAY.jpg,211,0,1,0,1,6/6/2018 8:40,1/11/2021 21:00,1
247,,202,0,1,0,1,6/28/2018 11:48,6/28/2018 11:48,0
248,,202,0,1,0,1,6/28/2018 12:02,6/28/2018 12:02,0
250,catalog/002icons/CHRISTMAS.jpg,211,0,1,0,1,12/18/2018 14:33,1/11/2021 19:27,1
251,catalog/00allicons/PHOTOBOOTH FRAME.jpg,209,0,1,0,1,12/18/2018 14:37,1/12/2021 14:59,1
252,catalog/00allicons/BANNERS AND SIGNS.jpg,209,0,1,0,1,12/18/2018 14:38,1/12/2021 14:58,1
253,catalog/00allicons/PHOTO PROPS.jpg,209,0,1,0,1,12/18/2018 14:40,1/12/2021 15:00,1
254,catalog/002icons/HAPPY NEW YEAR.jpg,211,0,1,0,1,12/18/2018 14:44,12/16/2020 15:48,1
256,catalog/00allicons/INVITATION.jpg,209,0,1,2,1,12/18/2018 21:28,1/12/2021 14:59,1
257,catalog/00allicons/SHIRT.jpg,209,0,1,0,0,12/18/2018 21:29,8/12/2020 17:39,1
263,catalog/00allicons/PHOTOBOOTH FRAME.jpg,180,0,1,0,1,12/18/2018 22:00,1/12/2021 15:33,1
264,catalog/00allicons/PHOTO PROPS.jpg,180,0,1,0,1,12/18/2018 22:00,1/12/2021 15:33,1
265,catalog/00allicons/BANNERS AND SIGNS.jpg,180,0,1,0,1,12/18/2018 22:01,1/12/2021 15:32,1
266,catalog/00allicons/SHIRT.jpg,180,0,1,0,0,12/18/2018 22:01,8/12/2020 19:14,1
267,catalog/002icons/HANUKKAH.jpg,211,0,1,0,1,12/19/2018 12:22,1/11/2021 20:58,1
268,catalog/002icons/KWANZAA.jpg,211,0,1,0,1,12/19/2018 12:23,1/11/2021 21:01,1
269,catalog/002icons/VETERANS DAY.jpg,211,0,1,0,1,12/19/2018 12:24,1/11/2021 21:10,1
270,catalog/002icons/CHINESE NEW YEAR.jpg,211,0,1,0,1,12/19/2018 12:38,1/11/2021 19:27,1
272,catalog/002icons/MEMORIAL-LABOR DAY.jpg,211,0,1,0,1,12/19/2018 12:54,1/11/2021 21:05,1
273,catalog/002icons/FATHER'S DAY.jpg,211,0,1,0,1,12/19/2018 12:55,1/11/2021 20:58,1
274,catalog/002icons/MOTHER'S DAY.jpg,211,0,1,0,1,12/19/2018 12:56,1/11/2021 21:05,1
275,catalog/002icons/CINCO DE MAYO.jpg,211,0,1,0,1,12/19/2018 12:59,1/11/2021 19:28,1
276,catalog/002icons/ST. PATRICK'S DAY.jpg,211,0,1,0,1,12/19/2018 12:59,1/11/2021 21:08,1
278,catalog/002icons/THANKSGIVING.jpg,211,0,1,0,1,12/19/2018 13:00,1/11/2021 21:08,1
279,catalog/002icons/FALL PARTY.jpg,299,0,1,0,1,12/19/2018 13:01,1/12/2021 13:45,1
280,catalog/002icons/WINTER PARTY.jpg,299,0,1,0,1,12/19/2018 13:02,1/12/2021 13:52,1
283,catalog/00BirthdayIcons/0 birthday themes.jpg,180,0,1,0,1,12/20/2018 11:01,1/12/2021 19:58,1
284,catalog/002icons/HOUSEWARMING.jpg,299,0,1,0,1,12/20/2018 11:33,1/12/2021 13:48,1
285,catalog/00allicons/PHOTOBOOTH FRAME.jpg,200,0,1,0,1,12/20/2018 12:34,1/12/2021 13:53,1
286,catalog/00allicons/BANNERS AND SIGNS.jpg,200,0,1,0,1,12/20/2018 12:34,1/12/2021 13:53,1
287,catalog/Category images/props-photobooth.jpg,200,0,1,0,0,12/20/2018 12:35,6/10/2020 18:13,1
288,catalog/Category images/il_fullxfull.1717134003_k73p.jpg,200,0,1,0,0,12/20/2018 12:35,6/10/2020 18:05,1
291,catalog/002icons/wedding.jpg,208,0,1,0,1,12/20/2018 12:39,1/12/2021 14:28,1
292,,0,0,1,0,1,12/20/2018 12:40,1/12/2021 12:47,0
293,catalog/002icons/bridal shower party.jpg,208,0,1,0,1,12/20/2018 12:40,1/12/2021 14:27,1
295,catalog/002icons/FAMILY REUNION.jpg,299,0,1,0,1,12/20/2018 12:43,1/12/2021 13:46,1
296,catalog/002icons/CLASS REUNION.jpg,299,0,1,0,1,12/20/2018 12:43,1/12/2021 13:42,1
297,catalog/002icons/VALENTINE'S DAY.jpg,211,0,1,0,1,12/27/2018 10:25,1/11/2021 21:09,1
298,catalog/002icons/BACK TO SCHOOL.jpg,299,0,1,0,1,12/27/2018 13:51,1/12/2021 13:40,1
299,catalog/002icons/BACK TO SCHOOL.jpg,0,0,1,0,1,12/27/2018 15:45,1/12/2021 13:27,0
300,catalog/002icons/MARDI GRAS.jpg,211,0,1,0,1,12/27/2018 15:49,1/11/2021 21:03,1
301,catalog/002icons/EASTER.jpg,211,0,1,0,1,12/27/2018 15:50,1/11/2021 20:57,1
303,catalog/002icons/HALLOWEEN.jpg,211,0,1,0,1,1/10/2019 20:18,1/11/2021 20:58,1
304,catalog/00allicons/INVITATION.jpg,180,0,1,0,1,1/10/2019 21:50,1/12/2021 15:33,1
306,catalog/00allicons/BANNERS AND SIGNS.jpg,291,0,1,0,1,1/15/2019 16:30,1/12/2021 14:29,1
307,catalog/00allicons/PHOTOBOOTH FRAME.jpg,291,0,1,0,1,1/15/2019 16:31,1/12/2021 14:34,1
308,catalog/00allicons/PHOTO PROPS.jpg,291,0,1,0,0,1/15/2019 16:32,8/12/2020 17:23,1
309,catalog/00allicons/BANNERS AND SIGNS.jpg,293,0,1,0,1,1/15/2019 16:33,1/12/2021 14:27,1
310,catalog/00allicons/PHOTOBOOTH FRAME.jpg,293,0,1,0,1,1/15/2019 16:33,1/12/2021 14:28,1
311,catalog/00allicons/BANNERS AND SIGNS.jpg,292,0,1,0,1,1/15/2019 16:57,1/12/2021 14:37,1
312,catalog/00allicons/PHOTOBOOTH FRAME.jpg,292,0,1,0,1,1/15/2019 16:57,1/12/2021 14:39,1
313,catalog/002icons/DAY OF THE DEAD.jpg,211,0,1,0,1,2/5/2019 13:46,1/11/2021 19:30,1
314,catalog/002icons/RETIREMENT.jpg,299,0,1,0,1,2/6/2019 12:00,1/12/2021 13:50,1
315,catalog/002icons/FIRST COMMUNION BAPTISM.jpg,299,0,1,0,1,2/6/2019 12:47,1/12/2021 13:47,1
316,catalog/00allicons/SHIRT.jpg,293,0,1,0,0,2/8/2019 17:02,8/12/2020 17:21,1
318,,0,0,1,0,1,2/15/2019 10:32,2/15/2019 10:32,0
319,,202,0,1,0,1,2/15/2019 10:58,2/15/2019 10:58,0
327,catalog/002icons/RAMADAN.jpg,211,0,1,0,1,3/8/2019 9:14,1/11/2021 21:07,1
328,catalog/002icons/PROM NIGHT.jpg,299,0,1,0,1,5/22/2019 9:47,1/12/2021 13:49,1
329,catalog/002icons/CANADA DAY.jpg,211,0,1,0,1,5/22/2019 13:05,1/11/2021 19:26,1
330,catalog/00BirthdayIcons/14 Unicorn Birthday.jpg,283,0,1,0,1,7/2/2019 17:08,1/12/2021 16:36,1
331,catalog/00BirthdayIcons/7 Cheers and Beers.jpg,283,0,1,0,1,7/11/2019 15:47,1/12/2021 16:18,1
332,catalog/00BirthdayIcons/12 1 baseball.jpg,221,0,1,0,1,7/11/2019 16:23,1/12/2021 16:31,1
333,catalog/00BirthdayIcons/12 2 basketball.jpg,221,0,1,0,1,7/11/2019 16:30,1/12/2021 16:32,1
334,catalog/00BirthdayIcons/12 4 american football.jpg,221,0,1,0,1,7/12/2019 11:53,1/12/2021 16:32,1
335,catalog/00BirthdayIcons/12 6 soccer.jpg,221,0,1,0,1,7/12/2019 14:49,1/12/2021 16:34,1
336,catalog/00BirthdayIcons/12 3 cars.jpg,221,0,1,0,1,7/12/2019 15:08,1/12/2021 16:32,1
337,catalog/00BirthdayIcons/12 5 other sports.jpg,221,0,1,0,1,7/12/2019 15:20,1/12/2021 16:33,1
338,catalog/Alex - July/video-game-tee-shirt-video-game-party-white-gaming-t-shirt-a61317-1000x1000w.jpg,266,0,1,0,1,7/15/2019 14:38,10/9/2019 18:04,1
339,catalog/Alex - July/custom-emoji-birthday-custom-emoji-shirt-custom-birthday-party-a58356-1000x1000w.jpg,266,0,1,0,1,7/15/2019 15:57,10/9/2019 18:02,1
340,catalog/002icons/baby shower themes.jpg,209,0,1,0,1,7/16/2019 11:00,1/12/2021 15:00,1
342,catalog/002icons/animal.jpg,340,0,1,0,1,7/16/2019 11:04,1/12/2021 15:04,1
343,catalog/002icons/floral.jpg,340,0,1,0,1,7/16/2019 11:11,1/12/2021 15:14,1
344,catalog/002icons/boy.jpg,340,0,1,0,1,7/16/2019 11:25,1/12/2021 15:05,1
346,catalog/002icons/girl.jpg,340,0,1,0,1,7/16/2019 11:57,1/12/2021 20:02,1
347,catalog/002icons/bachelor party.jpg,208,0,1,0,1,7/17/2019 15:12,1/12/2021 14:00,1
348,catalog/00allicons/BANNERS AND SIGNS.jpg,347,0,1,0,1,7/17/2019 15:29,1/12/2021 14:08,1
349,catalog/00allicons/PHOTOBOOTH FRAME.jpg,347,0,1,0,1,7/17/2019 15:33,1/12/2021 14:26,1
351,catalog/00allicons/INVITATION.jpg,291,0,1,0,1,7/17/2019 16:48,1/12/2021 14:33,1
353,catalog/Alex - July 2/personalized-football-shirt-birthday-football-shirt-boys-football-shirt-a60812-1000x1000w.jpg,266,0,1,0,1,7/18/2019 13:25,7/18/2019 13:32,1
354,catalog/Alex - July 2/dinosaur-shirt-dinosaur-birthday-shirt-dinosaur-party-printed-shirt-custom-shirt-a59416-1000x1000w.jpg,266,0,1,0,1,7/18/2019 14:27,7/18/2019 14:27,1
355,catalog/Alex - July 2/cowboy-birthday-shirt-cowboy-shirt-western-custom-shirt-a57422-1000x1000w.jpg,266,0,1,0,1,7/18/2019 14:36,7/18/2019 14:36,1
357,catalog/Alex - July 2/custom-cat-shirt-cat-lovers-birthday-kitten-shirt-a58246-1000x1000w.jpg,266,0,1,0,1,7/18/2019 14:41,10/9/2019 18:01,1
358,catalog/Alex - July 2/unicorn-dreams-unicorn-lover-unicorn-print-shirt-unicorn-shirt-a61250-1000x1000w.jpg,266,0,1,0,1,7/18/2019 14:55,7/18/2019 14:55,1
359,catalog/Alex - July 2/super-boy-shirt-super-boy-custom-shirt-super-boy-custom-print-shirt-a61136-1000x1000w.jpg,266,0,1,0,1,7/18/2019 15:01,7/18/2019 15:01,1
360,catalog/Alex - July 2/wizard-shirt-magician-birthday-shirt-little-wizard-shirt-custom-print-shirt-a61411-1000x1000w.jpg,266,0,1,0,1,7/18/2019 15:15,7/18/2019 15:15,1
361,catalog/Alex - July 2/daddy-s-princess-daddy-s-princess-shirt-daddy-s-girl-little-princess-a59388-1000x1000w.jpg,266,0,1,0,1,7/18/2019 15:27,7/18/2019 15:27,1
362,catalog/Alex - July 2/asdas.jpg,266,0,1,0,1,7/18/2019 15:38,7/18/2019 15:38,1
363,catalog/00BirthdayIcons/6 Chalkboard theme.jpg,283,0,1,0,1,7/18/2019 15:44,7/8/2020 18:35,1
364,catalog/00BirthdayIcons/9 dinosaur.jpg,283,0,1,0,1,7/18/2019 15:53,1/12/2021 16:23,1
366,catalog/002icons/PASSOVER.jpg,211,0,1,0,1,8/7/2019 22:47,1/11/2021 21:06,1
368,catalog/002icons/TEACHER APPRECIATION.jpg,299,0,1,0,1,8/7/2019 22:53,1/12/2021 13:51,1
369,catalog/00allicons/INVITATION.jpg,292,0,1,0,1,8/12/2019 16:09,1/12/2021 14:38,1
370,catalog/002icons/OKTOBERFEST.jpg,211,0,1,0,1,9/6/2019 13:18,1/11/2021 21:06,1
371,catalog/002icons/DIWALI.jpg,211,0,1,0,1,9/6/2019 13:22,1/11/2021 19:31,1
372,catalog/002icons/ROSH HASHANAH.jpg,211,0,1,0,1,9/6/2019 14:24,1/11/2021 21:07,1
373,catalog/002icons/HAPPY SUKKOT.jpg,211,0,1,0,1,9/9/2019 13:07,1/12/2021 20:01,1
374,,0,0,1,0,1,9/20/2019 14:42,10/8/2019 18:17,0
375,catalog/Alex - September 2/real-estate-ira.png,0,0,1,0,1,10/7/2019 14:35,1/12/2021 20:02,1
376,catalog/005RealEst/KEY CUT OUT PHOTO PROP.jpg,375,0,1,0,1,10/22/2019 20:16,1/12/2021 17:48,1
377,catalog/005RealEst/PHOTOBOOTH FRAME.jpg,375,0,1,0,1,10/22/2019 20:17,1/12/2021 17:49,1
378,catalog/005RealEst/HOUSE CUT OUT PHOTO PROP.jpg,375,0,1,0,1,10/22/2019 20:19,1/12/2021 17:48,1
379,catalog/005RealEst/BANNERS AND SIGNS.jpg,375,0,1,0,1,10/22/2019 20:34,1/12/2021 17:46,1
380,catalog/005RealEst/MONOGRAM.jpg,375,0,1,0,0,10/22/2019 20:36,1/12/2021 17:49,1
382,catalog/005RealEst/INVITATION.jpg,375,0,1,0,1,10/22/2019 20:37,1/12/2021 17:48,1
383,catalog/00RealEstate/MainBannerKeyCutoutRealEstateHousePhotoPropHousePhotoPropCutOutSoldByPropHomeBuyerPhotoPropMarketingPropSoldListingPropTestimonialSign.jpg,375,0,1,0,0,10/23/2019 17:25,4/16/2020 14:52,1
384,catalog/005RealEst/FOAM BOARD BANNER AND SIGNS.jpg,379,0,1,0,1,10/23/2019 19:09,1/12/2021 17:46,1
387,catalog/005RealEst/PRINTED POSTER BANNER AND SIGNS.jpg,379,0,1,0,1,10/23/2019 19:10,1/12/2021 17:47,1
388,catalog/005RealEst/SHIRT.jpg,375,0,1,0,0,11/26/2019 20:40,6/10/2020 22:15,0
389,catalog/2019-11-25/8800076/8800076-36-Mockup-3.jpg,374,0,1,0,1,11/29/2019 19:19,11/29/2019 19:19,0
390,catalog/2019-11-25/8800076/8800076-36-Mockup-3.jpg,374,0,1,0,1,11/29/2019 19:19,11/29/2019 19:19,0
391,catalog/002icons/WORD CUTOUT.jpg,212,0,1,0,0,12/2/2019 20:29,1/12/2021 19:41,0
393,catalog/002icons/WALL DECOR.jpg,212,0,1,0,1,12/2/2019 20:41,1/12/2021 19:41,0
394,catalog/002icons/SUPER BOWL.jpg,299,0,1,0,1,1/2/2020 17:23,1/12/2021 13:51,0
395,catalog/2019-12-17/71MeoWtDvFL._AC_SL1500_.jpg,0,0,1,0,1,3/17/2020 17:21,3/17/2020 17:21,0
396,catalog/002icons/HOME IMPROVEMENT.jpg,212,0,1,0,0,3/20/2020 17:20,1/12/2021 20:17,0
397,catalog/00RealEstate/images.png,0,0,1,0,1,3/20/2020 22:07,1/12/2021 13:24,0
398,,0,0,1,0,1,3/23/2020 16:35,1/21/2021 16:27,0
399,catalog/00allicons/500x500 safety.jpg,397,0,1,0,1,3/23/2020 17:14,1/12/2021 17:51,0
402,,0,0,1,0,1,3/24/2020 19:54,6/5/2020 18:54,0
403,,0,0,1,0,1,4/1/2020 20:56,4/1/2020 20:56,0
404,,0,0,1,0,1,4/4/2020 16:59,4/4/2020 16:59,0
405,,0,0,1,0,1,6/4/2020 20:17,6/9/2020 16:06,0
406,,0,0,1,0,1,6/5/2020 21:31,1/12/2021 13:03,0
407,,0,0,1,0,1,6/5/2020 21:32,1/21/2021 16:34,0
408,catalog/00allicons/500x500 acrylic.jpg,407,0,1,0,0,6/5/2020 21:54,1/21/2021 17:15,0
409,catalog/00allicons/INVITATION.jpg,200,0,1,0,0,6/10/2020 18:12,1/12/2021 20:16,0
410,catalog/2020-Alex/001/1in-loving-memory.jpg,299,0,1,0,1,7/22/2020 16:54,7/22/2020 16:54,0
411,catalog/2020-Alex/000/2200027/61M1pcBAI3L._AC_SL1500_.jpg,407,0,1,0,0,7/29/2020 22:31,8/3/2020 15:40,0
412,,0,0,1,0,1,8/12/2020 21:39,8/12/2020 21:39,0
413,,0,0,1,0,1,8/12/2020 22:03,8/12/2020 22:03,0
414,catalog/2020-Alex/0000/0000/002/combo1-reduced-550x550w.jpg,375,0,1,0,1,9/15/2020 14:20,1/12/2021 17:49,0
415,,0,0,1,0,1,9/26/2020 17:51,9/26/2020 17:51,0
416,,0,0,1,0,1,9/26/2020 17:55,9/26/2020 17:55,0
417,,0,0,1,0,1,1/18/2021 20:53,1/18/2021 20:53,0
418,,0,0,1,0,1,1/18/2021 20:53,1/18/2021 20:53,0
419,catalog/2021-Alex/AAA/2200037/1.jpg,407,0,1,0,0,1/21/2021 16:57,1/21/2021 17:15,0
